inter_arrival_time,processing_time
0.0,0.4434
0.047346,0.5914
0.0,1.222
0.030577,1.183
0.0,0.2692
0.077999,1.3501
0.015239,0.4506
0.046795,0.0766
0.0,0.0111
0.0,0.5007
0.047314,0.5235
0.07798,0.1368
0.0,1.1435
0.0,0.7127
0.062672,0.123
0.046356,1.4231
0.0,0.0029
0.04679,0.2193
0.015469,5.0537
0.170322,0.4697
0.185039,0.6757
0.0,0.4679
0.062067,0.7922
0.061348,0.3951
0.076596,0.5546
0.030685,1.3847
0.077722,0.018
0.108419,0.2622
0.031152,0.5483
0.016031,0.0568
0.015518,0.4798
0.015146,0.4506
0.015245,0.1754
0.046359,0.5047
0.015337,1.0521
0.015399,0.2639
0.077008,0.0638
0.061936,0.2031
0.015195,0.8445
0.0,0.0609
0.031349,0.2071
0.077549,1.1333
0.0,0.0626
0.030973,0.2269
0.031405,0.3199
0.110066,0.2151
0.015508,0.6514
0.015955,0.1148
0.015443,0.2382
0.636178,1.3722
0.077256,0.7464
0.092575,0.7338
0.092157,0.0531
0.046532,0.398
0.046428,0.9757
0.03106,0.8417
0.031007,0.2699
0.077513,0.2322
0.1092,0.9466
0.122928,0.0352
0.045999,0.0274
0.062703,0.1556
0.077408,0.045
0.047325,0.3543
0.062461,0.3656
0.031358,1.2433
0.030721,0.0297
0.016064,0.189
0.030707,0.7716
0.03084,0.5043
0.046497,0.0572
0.030777,0.215
0.031035,0.3641
0.015264,0.1121
0.0316,1.9666
0.0,0.7359
0.015502,0.715
0.0,0.1028
0.092531,0.099
0.046681,1.1334
0.01552,0.1424
0.046992,0.8377
0.015519,1.728
0.030463,0.0001
0.061911,0.4404
0.031563,0.0702
0.077295,1.3289
0.061857,1.0771
0.031439,0.558
0.045935,0.2521
0.140703,0.0143
0.015376,0.2969
0.359201,1.2311
0.0615,0.1525
0.031859,1.3055
0.155284,0.1227
0.047102,0.701
0.046992,0.0124
0.063124,0.5826
0.01553,0.1858
0.125397,0.1472
0.062109,0.0704
0.015458,0.004
0.04693,1.0433
0.092903,2.1374
0.015524,0.2419
0.109305,0.1485
0.063242,0.79
0.186769,0.2805
0.015453,0.2902
0.045935,0.3462
0.169451,0.4145
0.076576,1.0186
0.0,0.5094
0.030535,0.5637
0.0,0.6229
0.108984,1.2917
0.139259,0.2355
0.030942,0.2035
0.046616,0.4474
0.01519,0.1797
0.031625,0.1556
0.031065,0.2585
0.016032,0.0492
0.09335,0.2231
0.0,0.4161
0.0,0.3054
0.000504,0.0103
0.263288,0.0668
0.031041,0.9463
0.03094,0.477
0.062255,0.5668
0.0,0.134
0.015356,0.7921
0.015188,1.0933
0.015294,0.1282
0.03098,0.1614
0.046236,0.3874
0.045935,0.2582
0.230755,0.5668
0.015515,0.0467
0.061499,0.4593
0.0,1.5216
0.046333,0.3077
0.125353,0.3111
0.077517,0.434
0.031153,0.0186
0.0,0.8436
0.077826,0.0443
0.092184,0.1989
0.124278,0.0227
0.23228,0.1011
0.108685,0.5258
0.046134,0.0079
0.015555,0.6385
0.046439,0.5208
0.078846,0.1476
0.015545,0.3963
0.031574,0.6141
0.031604,1.6901
0.047424,0.4238
0.015449,1.1748
0.093918,0.2692
0.046537,0.2595
0.062239,0.2491
0.062109,0.8213
0.031376,0.6631
0.0,1.0895
0.109091,0.3486
0.093168,0.3098
0.123434,1.7809
0.061682,0.0954
0.015488,0.6595
0.170055,0.1661
0.031341,0.0465
0.030476,0.0803
0.077021,0.4902
0.046416,0.9174
0.015356,0.2925
0.015374,0.4897
0.01527,0.7649
0.015993,0.8618
0.093604,0.0222
0.031292,1.0419
0.015327,0.5943
0.031064,0.251
0.202228,0.0467
0.171112,0.8454
0.015733,0.1298
0.093711,0.5347
0.124228,0.2919
0.015398,0.9476
0.015959,0.1251
0.031507,0.368
0.046374,0.8704
0.077364,0.3072
0.030879,0.2221
0.077371,0.3123
0.015287,0.6346
0.061814,0.7012
0.078721,0.2396
0.04626,0.3408
0.125895,0.4726
0.015975,1.751
0.030841,0.6143
0.092468,0.0977
0.062159,0.2547
0.216011,0.0568
0.031217,1.0281
0.061943,0.4686
0.062809,0.0448
0.077543,0.0517
0.061795,0.0592
0.248668,1.2004
0.015286,1.1101
0.0,0.0262
0.046244,1.1638
0.015611,0.2399
0.06197,0.153
0.092538,0.1597
0.092105,0.3072
0.247176,1.3035
0.015483,1.0728
0.13965,0.1504
0.077534,0.8345
0.092252,0.347
0.015503,0.9626
0.0,1.9233
0.046566,0.0382
0.0155,0.8312
0.047125,0.2646
0.062047,0.7364
0.0,0.2118
0.0,0.3162
0.015501,0.5321
0.031025,0.6314
0.0155,0.265
0.031,0.0218
0.124167,2.1481
0.0,0.2769
0.140196,0.9019
0.015515,0.0861
0.078106,1.6049
0.062187,1.3196
0.015512,0.5784
0.0155,0.2363
0.016004,0.5394
0.062017,0.2521
0.0,0.1626
0.0155,0.9416
0.046403,1.0461
0.217187,0.231
0.218368,0.1284
0.0,0.2951
0.030689,0.7894
0.046576,0.4228
0.031098,0.1678
0.046511,0.6
0.0155,0.3475
0.248332,0.5569
0.0,0.0683
0.278924,0.4784
0.124084,1.0726
0.062318,0.2817
0.123996,0.7674
0.062007,0.4904
0.093282,0.3009
0.0,0.3587
0.015501,0.4417
0.031002,0.0633
0.248428,0.5032
0.031014,0.1289
0.0,0.0952
0.0,0.2428
0.000501,0.2564
0.046038,0.5945
0.0,1.4133
0.015518,0.0234
0.186678,1.884
0.031006,1.4737
0.033514,0.2635
0.059614,0.3969
0.046582,0.1308
0.170602,0.8106
0.015513,0.0729
0.0,0.0058
0.047083,0.1069
0.015982,0.1286
0.0,0.0393
0.015453,0.1761
0.0,0.2671
0.062918,0.3253
0.015668,0.0773
0.10879,0.0687
0.062165,1.6339
0.155037,0.682
0.01537,0.28
0.03142,0.1472
0.0,0.0678
0.015386,0.3192
0.0,0.3129
0.061968,0.0214
0.047462,0.1301
0.108343,0.5049
0.0,0.3784
0.108679,0.2687
0.015517,0.0563
0.031072,0.3695
0.030875,0.1198
0.076952,0.0547
0.169549,0.2332
0.062047,1.8405
0.278736,0.9742
0.154875,0.0246
0.0,0.1353
0.061957,0.1205
0.015528,0.7023
0.093987,0.0095
0.01599,0.0466
0.0,0.7353
0.124077,0.9051
0.20338,0.2458
0.203882,0.9118
0.139314,0.021
0.0,0.522
0.062203,0.403
0.031543,0.0074
0.015225,0.0267
0.138937,0.1112
0.030584,0.2765
0.015241,0.478
0.015494,0.2153
0.0,0.6156
0.046171,0.3819
0.092414,0.5264
0.031067,0.5326
0.046115,0.4962
0.045763,0.1551
0.01588,0.1183
0.030787,0.645
0.061464,0.2016
0.015223,0.283
0.0462,0.562
0.076674,0.412
0.015339,1.1933
0.09305,0.4061
0.031513,0.504
0.015538,0.0958
0.030905,1.1836
0.093309,0.8334
0.06175,0.9211
0.031124,1.0522
0.107216,0.3456
0.0,0.82
0.045913,0.0953
0.045949,0.3588
0.061787,0.2486
0.015238,0.3991
0.216446,0.8542
0.0,0.2859
0.031348,0.1345
0.0,0.0854
0.124169,0.0622
0.046497,0.5631
0.094081,0.2968
0.015387,0.2833
0.015532,0.046
0.153986,0.2169
0.015069,0.144
0.186082,0.0909
0.202182,0.3879
0.030786,0.3262
0.0,0.0401
0.015126,0.33
0.14011,2.0457
0.031461,0.0181
0.0,0.0166
0.061001,0.5596
0.200502,0.5257
0.061741,0.7213
0.109103,1.2728
0.138802,2.3622
0.031545,0.1042
0.092363,0.2997
0.0,0.2918
0.015373,0.6215
0.093055,0.1575
0.076591,0.213
0.108245,0.1374
0.0,0.0869
0.031252,0.5793
0.0,0.0176
0.076904,0.0111
0.030585,0.442
0.015319,0.0446
0.061609,1.5401
0.015278,0.113
0.092751,1.1107
0.046502,0.1776
0.07714,0.043
0.0,0.6881
0.107317,0.2297
0.030979,1.3985
0.0,0.3137
0.030514,0.8504
0.046091,0.376
0.04648,0.6452
0.247758,0.1356
0.139911,1.6775
0.04647,0.032
0.045876,0.0305
0.030289,0.0318
0.046271,0.0687
0.015494,0.038
0.061519,0.9405
0.077444,0.1273
0.139276,0.1198
0.0,0.7691
0.201764,0.7149
0.015344,0.6252
0.0312,0.3561
0.04631,0.2056
0.0,0.4899
0.031024,0.2416
0.07705,0.2705
0.015819,1.493
0.030664,0.14
0.046756,0.0739
0.031184,0.2263
0.062204,0.2834
0.015754,0.1113
0.015345,0.1492
0.031254,2.1952
0.124866,0.0393
0.046627,0.9582
0.123639,1.1017
0.093147,0.7149
0.046308,0.7229
0.030864,0.8547
0.156724,0.1798
0.124491,0.4942
0.031014,0.8578
0.0,0.3404
0.1549,0.9927
0.062773,0.0803
0.047378,0.1196
0.046569,0.0789
0.0,0.2792
0.1574,1.781
0.031263,0.4357
0.093416,0.0797
0.03089,0.1819
0.0,0.3583
0.015191,0.1064
0.108958,0.0032
0.061671,0.1271
0.0,0.2808
0.093193,0.2674
0.155188,0.0556
0.139966,1.4828
0.031338,0.4773
0.030648,0.4823
0.015474,1.6172
0.015514,1.4366
0.06213,0.1761
0.046642,0.1962
0.077294,0.6879
0.0,0.3919
0.03096,0.1146
0.07848,1.7554
0.108595,1.154
0.093212,0.9255
0.078532,0.7895
0.046304,1.3811
0.01557,0.0923
0.030295,0.672
0.107686,0.1188
0.0,0.0459
0.184755,0.023
0.062587,0.0337
0.045978,0.0597
0.046356,0.2009
0.0,0.139
0.0,1.4774
0.108646,0.4975
0.062029,0.4343
0.015988,1.867
0.015342,0.5518
0.030762,0.0893
0.046378,0.0436
0.031162,0.5688
0.092607,0.8409
0.06265,0.1822
0.061988,0.2163
0.0,0.4321
0.015541,0.5744
0.155952,0.4053
0.06241,0.1927
0.093562,0.6071
0.326606,0.3703
0.061579,1.015
0.0,0.3968
0.046238,0.0659
0.077418,0.1509
0.015334,0.2503
0.045921,0.6128
0.061744,0.0696
0.076911,0.6707
0.076845,0.3783
0.125257,0.4263
0.046688,0.3007
0.015416,0.556
0.015262,0.997
0.030888,0.9336
0.139806,0.4181
0.061857,0.6113
0.015882,0.1084
0.015404,0.0605
0.093364,0.6255
0.015515,0.1224
0.0,0.2395
0.0,1.5117
0.061835,0.924
0.092839,0.0364
0.045825,0.4957
0.06138,0.7917
0.030547,0.2826
0.139157,0.0172
0.030905,0.0151
0.0,0.0033
0.357135,0.2744
0.03073,0.0531
0.015508,0.9949
0.123855,0.6979
0.076967,0.9509
0.015261,0.0737
0.077385,0.3786
0.076714,1.662
0.138498,0.4188
0.061921,0.0465
0.016004,0.2018
0.0,0.4642
0.046673,0.4787
0.092328,0.2541
0.0,0.0226
0.077076,0.7961
0.015527,0.1227
0.0,0.208
0.047327,1.4096
0.045907,0.0812
0.139795,0.7412
0.0,0.373
0.076854,0.4978
0.077175,1.3955
0.10827,0.3097
0.077685,0.2698
0.0,0.3557
0.07748,0.5352
0.030662,1.2046
0.154723,0.0244
0.046431,1.0668
0.061803,0.206
0.015127,0.2308
0.0,2.3206
0.030816,0.5105
0.230899,0.7809
0.0,0.4109
0.077175,1.4109
0.076966,0.0111
0.015156,2.4754
0.045755,0.3339
0.076278,0.2184
0.061838,0.0131
0.015261,2.088
0.07783,1.0964
0.030906,0.4565
0.01534,1.1919
0.0,0.1859
0.030617,0.0167
0.093013,0.3657
0.0,1.7759
0.215962,0.2653
0.030993,0.2244
0.015591,0.2706
0.015508,0.1939
0.015625,0.2377
0.061266,0.0088
0.046232,0.3197
0.278047,0.3571
0.138095,0.5221
0.0,0.0457
0.031057,0.6524
0.124964,0.4875
0.0,0.4044
0.016051,0.0094
0.0,0.5406
0.031064,0.1338
0.047114,0.0396
0.079204,0.7019
0.047082,0.1238
0.061928,0.2541
0.061686,0.1089
0.093157,0.3064
0.0,0.2767
0.077403,0.023
0.03093,1.8367
0.015609,0.1443
0.169765,0.0835
0.251493,0.1558
0.109087,0.6048
0.062555,0.0103
0.0,0.9652
0.0,0.1859
0.107602,0.4922
0.030389,0.1184
0.061821,0.9407
0.0,0.3997
0.076686,0.2478
0.107919,0.1286
0.047064,0.163
0.172005,0.4603
0.031523,0.6158
0.109016,0.0002
0.016016,1.1465
0.046195,0.0322
0.015845,0.2374
0.047029,0.1478
0.0,0.3938
0.061405,0.4351
0.093084,0.2922
0.077751,0.1077
0.062145,0.2555
0.0,0.4387
0.077762,0.1222
0.0,0.1492
0.0,1.6496
0.061277,0.2874
0.062198,0.1373
0.030922,0.0216
0.031339,0.4358
0.0,0.4694
0.031559,0.0743
0.077081,0.6185
0.046746,0.3038
0.046118,0.9105
0.046471,0.3457
0.015553,1.1289
0.184843,1.3387
0.015524,0.1594
0.015619,0.5801
0.092463,0.3516
0.078143,1.5375
0.155082,1.2053
0.171875,0.4607
0.03112,0.2638
0.062331,0.651
0.078531,0.2434
0.016052,1.9424
0.015408,0.5877
0.137913,1.4959
0.0,0.0821
0.046123,0.454
0.07762,0.2972
0.030832,0.1086
0.031087,0.8626
0.031075,0.0119
0.187188,0.1006
0.26591,2.9925
0.01543,0.3168
0.139592,0.3144
0.107306,0.6406
0.077005,0.2327
0.154894,0.5298
0.030765,0.0537
0.155105,0.0162
0.061951,0.7881
0.045754,0.6026
0.185833,0.3642
0.015204,0.8926
0.015968,0.3888
0.0,0.4401
0.015468,0.1318
0.015863,0.0384
0.0,0.5205
0.061292,0.4489
0.0,0.4493
0.0,0.2473
0.031242,0.1133
0.045963,0.1148
0.062718,1.0332
0.108423,0.7084
0.015377,0.4834
0.092423,1.9927
0.046246,0.2812
0.030649,0.2206
0.015527,0.2152
0.0,0.347
0.015285,0.4542
0.030695,0.4862
0.046344,0.0722
0.015447,0.0612
0.0,0.1667
0.015242,0.0938
0.122694,0.439
0.123682,1.6377
0.169568,0.1354
0.202087,1.6398
0.0,0.1089
0.0,0.422
0.01513,0.7415
0.06173,0.6987
0.092186,0.0353
0.015167,0.2803
0.123289,0.9881
0.0,0.6304
0.016025,0.2138
0.046444,0.5212
0.154792,0.5661
0.015587,0.5898
0.061674,0.1156
0.233315,0.103
0.046726,0.5489
0.03109,0.4173
0.04612,0.4536
0.015664,0.4481
0.170857,1.393
0.061687,0.3264
0.015506,0.2158
0.030962,0.1171
0.046433,0.2359
0.153948,0.2564
0.234289,1.34
0.0,0.6465
0.108034,0.9573
0.061242,0.0248
0.07722,0.469
0.0,1.8047
0.0,0.4347
0.015198,0.1312
0.0,0.387
0.030798,0.6202
0.030582,0.1587
0.108242,0.7354
0.154092,0.7071
0.030913,0.1002
0.077771,0.1531
0.031238,1.2781
0.0,0.0136
0.045978,0.5895
0.046377,0.5674
0.016113,0.0748
0.077272,0.8842
0.015512,0.21
0.076906,2.3441
0.077531,0.7534
0.13949,0.0048
0.015525,0.4159
0.031041,0.3608
0.154926,0.1841
0.062019,0.0794
0.015441,0.0547
0.061974,0.4692
0.046041,0.3666
0.046839,0.9955
0.015512,0.0198
0.031045,0.2211
0.248498,0.2777
0.184964,0.4079
0.122912,0.3586
0.046596,1.3693
0.093951,0.263
0.015547,0.3793
0.0,0.5515
0.031053,0.074
0.031561,0.0138
0.031553,0.083
0.046878,0.4407
0.030463,0.1756
0.094037,0.0304
0.203238,0.0957
0.233881,0.9069
0.031488,0.071
0.0,0.4754
0.0,0.0747
0.046806,0.165
0.078202,0.433
0.030685,0.0074
0.046548,0.2529
0.030994,0.1452
0.092987,0.0048
0.0,0.0097
0.015522,0.1704
0.0,0.0191
0.045935,0.5378
0.030553,0.1467
0.107963,0.9142
0.015568,1.5537
0.107862,0.3348
0.092611,0.0106
0.015546,0.011
0.015661,0.0716
0.0,0.0192
0.031013,1.1213
0.06136,0.012
0.248451,0.8226
0.0,0.462
0.123363,0.1779
0.015528,0.4552
0.045764,0.1456
0.122634,0.1053
0.030631,0.0391
0.046044,0.4068
0.0,0.3086
0.185431,0.0089
0.031106,0.8962
0.108724,0.1445
0.0,1.177
0.093844,0.9438
0.077259,0.2473
0.015356,0.1788
0.122597,0.5793
0.061907,0.9478
0.139254,0.6378
0.015539,0.111
0.093289,0.4817
0.110721,0.0088
0.0,0.3268
0.015347,0.004
0.031376,0.6192
0.047314,0.2792
0.124938,0.5239
0.093421,0.1176
0.047102,0.3587
0.13981,1.2609
0.03123,1.6887
0.046575,0.0468
0.0,0.1772
0.015402,0.4897
0.015353,0.0675
0.123056,0.2656
0.106783,0.0261
0.154557,0.8887
0.015223,0.2279
0.109324,0.054
0.0,0.9941
0.0,0.2795
0.000501,0.1416
0.015483,0.5695
0.030862,0.0312
0.0,0.3106
0.10856,1.3973
0.093803,0.8547
0.092856,0.5005
0.169341,0.0345
0.124467,0.1647
0.0,0.3425
0.061693,0.1626
0.123345,0.0907
0.046483,0.1517
0.093579,1.222
0.0,0.4128
0.015581,0.449
0.109617,0.93
0.015594,0.2076
0.125131,0.8083
0.016001,0.088
0.062672,1.3452
0.015327,0.1256
0.061618,0.8837
0.217474,0.5969
0.031393,0.4914
0.0,0.7324
0.062529,0.1907
0.123967,0.0761
0.061526,0.0579
0.124246,0.3322
0.092009,0.4799
0.061104,0.1201
0.015225,1.289
0.0,0.3298
0.031051,0.0846
0.061342,0.1268
0.0,0.6818
0.000507,0.078
0.014828,0.098
0.077056,0.7968
0.046345,1.2255
0.031064,0.0883
0.0,0.5943
0.047588,0.6766
0.311513,0.7378
0.046575,0.1528
0.046435,0.0494
0.108377,0.0229
0.0,0.3993
0.077438,0.1889
0.077765,0.4732
0.015468,0.1626
0.046709,0.0675
0.0,0.0197
0.046589,0.1249
0.09379,0.0085
0.016038,0.5664
0.031331,1.945
0.0,0.6791
0.046384,0.1323
0.0,0.6766
0.047531,0.5097
0.015186,0.7054
0.061621,0.0169
0.123071,1.0398
0.046244,0.6825
0.123338,0.1048
0.0,0.4336
0.108177,0.2361
0.093164,0.0882
0.062278,1.1356
0.046883,0.4326
0.046579,0.4499
0.031503,0.1744
0.169979,1.4907
0.031244,0.5427
0.062016,0.268
0.187011,1.2837
0.015715,0.0746
0.015156,0.205
0.061881,0.528
0.187133,0.0563
0.016028,0.5742
0.062418,0.2881
0.031039,0.0128
0.031456,0.0296
0.093648,0.0708
0.016008,0.0457
0.061162,0.1682
0.01542,0.2939
0.0,0.8587
0.123612,0.7458
0.078017,0.029
0.01567,0.0939
0.0,0.4504
0.108548,0.1339
0.062508,1.38
0.123917,0.4847
0.0,1.678
0.201281,0.1134
0.046275,0.4468
0.201204,0.8533
0.0923,0.1661
0.0,0.5006
0.061818,0.7833
0.031037,0.8242
0.108259,0.3552
0.015166,0.3662
0.108156,0.6581
0.015307,0.6787
0.031003,0.2092
0.046613,0.4305
0.015527,0.5199
0.076538,0.2607
0.015181,0.165
0.092627,0.3465
0.01517,0.192
0.031058,0.2195
0.077365,0.7026
0.0,0.0158
0.015501,0.1532
0.169743,0.0957
0.015382,0.7375
0.015674,0.0214
0.061316,0.5794
0.093599,0.4231
0.077451,0.3091
0.06267,0.5014
0.0,0.2493
0.031593,0.5794
0.015942,0.8186
0.015152,1.5839
0.01554,0.2016
0.06263,0.2707
0.04668,1.4509
0.0,0.0595
0.171719,0.0038
0.046751,0.867
0.031122,0.2876
0.016036,0.2599
0.093989,0.3122
0.031086,0.2849
0.031402,0.4622
0.124485,1.1253
0.07738,0.4982
0.031022,0.1275
0.264503,2.0491
0.140734,0.4278
0.031036,0.7215
0.094251,1.5748
0.031554,0.6256
0.031673,2.0979
0.015527,1.4873
0.030983,1.0007
0.077977,0.1466
0.031461,0.091
0.016025,0.0096
0.140495,0.5816
0.046713,0.172
0.030514,0.292
0.04627,1.4306
0.0,0.9545
0.030428,0.1382
0.323936,1.1001
0.030537,0.2351
0.03091,0.6035
0.201066,1.3404
0.046218,0.0555
0.107849,0.6198
0.015357,0.4792
0.061775,1.0336
0.031437,0.6311
0.015393,0.0621
0.046343,0.4003
0.031252,0.4871
0.015498,0.3458
0.030858,0.095
0.046678,0.4425
0.155051,0.0075
0.015347,0.669
0.015628,0.6309
0.046345,0.0966
0.093403,0.0864
0.046296,0.1558
0.015185,0.7881
0.015534,0.0028
0.0,0.8987
0.076679,0.5808
0.030633,0.31
0.015442,0.2985
0.015605,0.1818
0.076901,0.6456
0.108272,0.0341
0.153525,0.6461
0.03059,0.0132
0.077493,0.3332
0.030958,0.4769
0.031058,0.005
0.0,0.176
0.030537,0.3646
0.015507,0.7999
0.154415,0.7582
0.015541,0.1484
0.201371,0.129
0.139751,0.2455
0.280893,0.0124
0.015349,0.0954
0.015634,0.0325
0.0,0.4439
0.046476,0.2852
0.092157,0.5348
0.155454,3.1847
0.015448,0.0726
0.030769,0.3031
0.09331,0.2723
0.015765,0.98
0.077484,0.5856
0.015534,0.514
0.092817,0.4709
0.0,1.0412
0.015472,0.4785
0.031314,0.0865
0.031638,0.1204
0.015534,0.1308
0.109139,0.4436
0.031197,0.137
0.031155,0.083
0.046353,0.0107
0.108442,0.2923
0.077908,0.9207
0.030976,0.9553
0.108222,0.1807
0.076997,0.5434
0.107939,0.0346
0.030832,0.0011
0.06157,0.6467
0.030692,0.8182
0.046419,0.2424
0.015561,0.4299
0.108657,2.0452
0.0157,0.106
0.031102,0.4153
0.015289,0.0113
0.061894,0.0107
0.015539,0.3891
0.046072,0.0166
0.015559,0.5152
0.062503,0.019
0.139745,0.4925
0.156418,0.1308
0.124565,1.0733
0.030993,0.1119
0.046469,0.1284
0.030589,0.2768
0.061337,0.0055
0.076756,0.5443
0.030998,0.8055
0.076837,0.0487
0.169362,0.1924
0.108841,0.4681
0.078493,0.6083
0.047086,1.5253
0.062631,0.2613
0.031067,0.2855
0.092668,0.7165
0.0,0.2056
0.078315,0.6777
0.185951,0.7931
0.030795,1.7849
0.0,0.3363
0.047131,0.1939
0.031061,0.2111
0.015533,0.2016
0.03108,0.685
0.031209,0.1259
0.124074,0.0296
0.030579,0.9484
0.046531,0.6022
0.077233,0.9296
0.0,0.0332
0.06154,0.511
0.030665,0.8258
0.077367,0.5
0.030535,0.6173
0.015544,1.4188
0.030967,0.7679
0.015544,0.0158
0.0,0.0078
0.030472,1.1033
0.202541,0.1615
0.015188,0.6297
0.108652,0.0381
0.030972,0.7609
0.030986,0.3247
0.015648,0.2076
0.093174,0.0299
0.23084,0.7511
0.0,0.8837
0.108263,0.0812
0.030672,1.6697
0.077173,0.3694
0.0,0.1061
0.091648,0.0329
0.092866,0.4603
0.015333,0.6993
0.0467,0.1977
0.030706,2.0349
0.031617,0.2837
0.140742,0.1451
0.249698,0.3204
0.015568,1.0552
0.03119,0.3111
0.031427,0.3698
0.061676,0.0309
0.0,0.1145
0.046729,0.1667
0.108588,0.3755
0.046478,0.3142
0.358259,0.2807
0.046865,0.2598
0.216745,0.622
0.0,1.2608
0.0,0.2452
0.015462,0.8352
0.046169,0.4384
0.0,0.0063
0.015287,0.3052
0.0,0.0672
0.015222,0.7897
0.031185,0.5514
0.093042,0.2185
0.030385,0.2055
0.061947,0.0805
0.245641,0.0629
0.108676,0.0348
0.092174,0.739
0.031003,0.3059
0.108947,0.0666
0.01541,0.6901
0.0,0.0064
0.077568,0.635
0.016005,0.2374
0.030718,1.4778
0.01523,1.0092
0.0,0.0269
0.046583,0.4973
0.076998,0.1469
0.076992,0.2703
0.077284,0.6474
0.015323,0.4606
0.06239,0.89
0.062081,0.0847
0.061332,0.809
0.01551,0.2151
0.015391,0.4291
0.015525,0.7811
0.263906,0.2296
0.0,0.2711
0.046768,0.0715
0.015352,0.6614
0.061903,0.2067
0.10872,0.1259
0.031691,0.4414
0.077612,1.1225
0.0,1.1707
0.031375,0.1446
0.13854,0.1269
0.045981,1.2231
0.046343,0.0959
0.046137,0.2324
0.015361,0.8585
0.154378,0.6151
0.09254,0.0873
0.077115,0.6059
0.125029,0.4076
0.248876,0.5106
0.0,0.2902
0.062273,0.9128
0.031283,0.771
0.061813,0.4067
0.030598,1.5309
0.092409,0.1072
0.031391,0.0382
0.01559,0.3833
0.03073,0.0521
0.0,0.3342
0.06141,0.0842
0.015526,1.0951
0.046165,1.269
0.0,0.2156
0.07707,0.1166
0.031074,0.0313
0.0,0.4648
0.031054,0.2169
0.109008,0.0305
0.09391,0.1843
0.108703,0.8547
0.015431,0.1458
0.0,0.0964
0.015561,1.1194
0.140618,0.2077
0.046987,0.6068
0.265284,0.0575
0.031605,0.2388
0.031006,0.2357
0.062807,0.1532
0.031559,0.2593
0.062636,0.7786
0.078156,0.7089
0.092521,0.3191
0.077053,0.0797
0.061758,0.5503
0.046002,0.1019
0.046339,1.0537
0.03116,0.0428
0.0,0.1085
0.1859,0.1979
0.061805,0.256
0.046482,0.8498
0.077264,0.3285
0.140065,0.2143
0.016037,0.0355
0.0,0.4519
0.139816,0.0774
0.046811,1.1731
0.030571,1.0959
0.078268,0.451
0.062496,0.3365
0.093672,0.1352
0.015939,0.1741
0.06242,1.1787
0.015297,0.3552
0.093733,0.7241
0.01541,1.0285
0.076787,0.0294
0.061871,0.0172
0.248076,0.7092
0.046524,0.3049
0.0,0.1835
0.046534,0.6367
0.093627,0.6383
0.047055,0.0838
0.046549,0.5044
0.031555,0.6289
0.031523,0.7645
0.046516,0.1413
0.031012,0.2629
0.031052,0.5215
0.062585,0.0915
0.0,0.0814
0.108597,0.2266
0.24829,0.6695
0.093897,0.0694
0.015526,0.0295
0.031005,0.006
0.062574,0.4246
0.046517,0.0669
0.09316,0.2457
0.031049,0.0686
0.108492,0.1943
0.062123,0.2971
0.015509,0.516
0.030647,0.4908
0.01552,0.2905
0.093541,0.52
0.0155,0.1741
0.015518,0.3888
0.015501,0.4167
0.015511,1.3041
0.093585,0.6131
0.031017,0.2319
0.186072,0.3751
0.031042,0.0242
0.0,1.1539
0.046534,0.6843
0.015512,0.0688
0.157148,0.9574
0.015504,0.326
0.124748,0.8689
0.124281,1.0576
0.031022,0.2575
0.0155,0.1174
0.0,1.3993
0.031039,0.5131
0.062064,1.7859
0.015505,0.7483
0.015506,0.8019
0.031054,0.0011
0.031521,1.3512
0.187907,0.0676
0.155386,0.0055
0.093065,0.9952
0.015505,0.0678
0.062012,1.5454
0.015501,1.1332
0.077394,0.0889
0.046535,0.127
0.031006,0.1387
0.062066,0.0883
0.062023,0.1679
0.0,0.2267
0.092751,0.7446
0.030854,0.6641
0.0,0.4156
0.030504,0.0921
0.061653,0.1494
0.092756,0.4482
0.046982,0.0742
0.046886,1.1397
0.217209,0.0573
0.10896,0.5431
0.01546,0.4706
0.031527,0.0602
0.292323,1.2611
0.093166,0.4149
0.0,0.5083
0.030691,0.3298
0.077565,3.0936
0.0917,0.8598
0.154516,1.8751
0.015541,0.4473
0.031078,1.4233
0.07806,0.4081
0.015385,0.0422
0.015507,0.2534
0.061817,0.7574
0.0467,0.1407
0.046588,1.6491
0.030757,1.1869
0.015455,0.3275
0.015597,0.8103
0.07806,0.8517
0.061948,0.1429
0.015705,0.2792
0.0,0.3758
0.12321,1.0096
0.139403,0.1066
0.076644,0.0734
0.03098,0.5212
0.139753,0.3458
0.030911,1.3342
0.015132,0.1118
0.061794,0.4705
0.077183,0.0588
0.04709,1.1093
0.0,0.112
0.015349,0.5043
0.078039,0.7287
0.031582,0.7454
0.031537,0.3237
0.016014,0.6857
0.140498,0.4518
0.078486,0.6837
0.015543,0.6288
0.016014,0.6825
0.078706,1.5796
0.000498,0.543
0.046119,0.1973
0.046084,0.5067
0.030887,0.7094
0.015278,0.9774
0.139321,0.0944
0.031052,0.1454
0.247808,0.0699
0.0,0.3823
0.046584,0.1132
0.061446,0.0596
0.108259,0.0606
0.046566,0.6537
0.031544,0.1395
0.06247,0.389
0.046487,0.1444
0.01544,0.1526
0.01554,0.3371
0.108459,0.1315
0.0,1.286
0.093137,0.0139
0.108713,0.3014
0.030597,0.5936
0.139271,0.515
0.046434,0.0967
0.20431,0.3332
0.187958,0.6216
0.046958,0.0292
0.031016,0.5625
0.061578,1.0979
0.046543,1.654
0.015501,0.6032
0.076909,0.4974
0.076593,1.472
0.01528,0.1982
0.045629,0.0534
0.046061,0.0324
0.045963,0.6123
0.10697,0.2578
0.077513,0.3282
0.031471,2.4296
0.06155,1.1678
0.031048,0.4041
0.062205,0.8453
0.01562,0.4541
0.030944,0.906
0.04645,0.2329
0.0,0.1604
0.030571,0.411
0.139447,0.1502
0.062046,0.7514
0.030743,0.2515
0.015519,0.1734
0.030718,0.2682
0.091726,0.148
0.0,0.2123
0.031247,0.288
0.015343,0.8223
0.061811,0.8945
0.030667,1.5873
0.062299,0.4793
0.015543,0.6055
0.046776,0.3736
0.061481,0.1374
0.122803,0.2572
0.046226,0.4464
0.062313,0.1761
0.263462,0.714
0.123335,0.173
0.0,0.3841
0.046307,0.0263
0.200139,0.1679
0.030991,0.2988
0.016085,0.0429
0.0,0.3034
0.031197,0.2327
0.0,0.4846
0.062814,0.227
0.047001,0.2143
0.03107,0.1
0.296285,0.3249
0.030711,1.0251
0.015543,0.7374
0.155677,0.5131
0.04654,0.1093
0.09308,0.1791
0.107945,1.9486
0.061627,0.1425
0.015221,0.1739
0.0,0.2946
0.061314,0.1592
0.030659,0.6977
0.046021,0.0077
0.015476,0.0918
0.046043,0.5446
0.031227,0.4602
0.015443,0.0151
0.046668,0.0629
0.077421,0.482
0.046379,0.8808
0.107837,0.285
0.0,0.9706
0.093653,0.8738
0.154466,0.1764
0.185911,0.028
0.046429,0.2869
0.046424,0.5492
0.077339,0.2645
0.0,0.2208
0.015935,1.4903
0.046539,0.9036
0.015674,0.3897
0.046818,0.0129
0.045964,0.5927
0.062414,0.3252
0.0,0.5679
0.0,0.3588
0.031455,0.0816
0.015212,0.5874
0.015912,0.5352
0.10793,0.0079
0.231296,0.4446
0.215887,0.6743
0.154668,0.2151
0.046727,0.8027
0.077402,0.1724
0.030547,0.075
0.016019,0.0024
0.031072,0.8095
0.0154,0.2868
0.045842,0.326
0.030529,3.1534
0.015399,0.381
0.092597,0.0037
0.04622,0.0116
0.031027,0.3161
0.015545,1.4203
0.170583,0.1305
0.015975,0.0184
0.015544,0.4074
0.093024,0.0807
0.156686,0.1763
0.108439,0.7436
0.031017,0.8131
0.062209,0.0891
0.062218,0.7986
0.077999,0.0578
0.092219,0.7767
0.015936,0.6611
0.107546,0.6929
0.046432,0.4693
0.046492,0.2789
0.015397,0.2788
0.0,0.1104
0.030756,0.4381
0.0,0.0403
0.030626,0.1746
0.015292,0.0655
0.015542,0.8163
0.015437,0.2069
0.077294,0.1342
0.093102,0.8276
0.015624,0.2275
0.06206,0.6982
0.015422,0.985
0.199796,0.027
0.10804,0.0478
0.0,0.2372
0.092532,0.6152
0.015526,0.2327
0.061536,0.1612
0.092217,0.778
0.246859,1.166
0.0,1.167
0.061916,1.6442
0.031158,0.0255
0.015316,0.0312
0.015496,0.2502
0.0,0.972
0.061245,0.254
0.169514,0.0491
0.015522,0.0166
0.061707,0.1977
0.031111,2.2039
0.061575,0.2751
0.031047,0.3066
0.092601,0.2257
0.031289,0.0294
0.030726,0.1104
0.03131,0.4405
0.0,0.7872
0.218965,0.7814
0.01554,0.9424
0.062988,0.1532
0.0,0.2329
0.078759,0.1981
0.078748,0.0581
0.126397,0.5594
0.078408,0.3848
0.155499,0.291
0.078278,1.0055
0.062048,0.8034
0.0,0.2147
0.062647,0.3386
0.046154,0.5322
0.092159,1.7579
0.0,0.2055
0.06253,0.3609
0.015149,0.3324
0.03113,0.409
0.031364,0.7034
0.061711,0.4888
0.031111,0.0478
0.139145,0.997
0.061446,0.0159
0.046575,0.5991
0.046502,0.4107
0.0,0.3734
0.092321,0.0582
0.17213,0.0013
0.109265,0.0344
0.046507,0.2581
0.03058,1.5465
0.046547,0.2136
0.046079,0.1838
0.046322,0.9429
0.015589,0.5701
0.061975,0.0877
0.0,0.8731
0.216583,0.1852
0.108349,0.2817
0.124751,0.0793
0.0,0.3078
0.124175,0.6292
0.107767,0.1379
0.030738,0.0136
0.046567,0.5849
0.077828,0.3443
0.061859,0.5021
0.155381,0.0149
0.062068,1.3229
0.063416,0.2508
0.031053,0.4403
0.0,0.9907
0.124436,0.1317
0.015627,0.1376
0.015224,1.0045
0.015555,0.1065
0.015543,0.7333
0.061969,1.165
0.108017,0.2719
0.062083,0.0483
0.046076,0.0525
0.077349,0.1465
0.046205,0.0453
0.077059,0.0157
0.030874,0.5108
0.12338,0.1654
0.156164,0.1234
0.061344,0.8702
0.200357,0.6946
0.0,0.2434
0.0,1.209
0.015231,0.4254
0.0,0.7767
0.015431,0.5006
0.030712,0.4456
0.186172,0.3761
0.030845,0.2898
0.03084,0.6999
0.01554,0.0731
0.077238,0.5562
0.0,0.6049
0.077269,0.3468
0.015525,0.4514
0.16975,0.1316
0.045816,0.0742
0.06233,0.4041
0.155831,1.8657
0.030493,0.648
0.108753,0.6027
0.0,0.2827
0.015819,0.0789
0.077782,1.2045
0.047132,0.1556
0.062251,0.0259
0.030915,0.2512
0.015192,0.0034
0.015513,0.1211
0.01515,0.1194
0.062788,0.0811
0.249255,0.2651
0.138739,0.6021
0.03067,0.1415
0.123084,0.2217
0.138649,0.8544
0.153544,1.4208
0.04692,0.4635
0.062452,0.0287
0.015397,0.12
0.0,0.5788
0.0,0.0806
0.04701,0.0049
0.076691,0.0643
0.046204,0.5745
0.031105,0.3892
0.030377,1.1088
0.0,1.0029
0.015189,0.5449
0.122994,0.6888
0.015195,0.3232
0.061491,2.1238
0.046053,0.4788
0.015528,0.6727
0.046514,0.071
0.061904,0.7761
0.200849,0.8388
0.015561,0.4365
0.0,0.0824
0.015451,0.0841
0.031068,0.5081
0.108315,0.8002
0.07737,0.0513
0.015407,0.3493
0.062131,0.3955
0.046158,0.0584
0.07716,0.4812
0.0,0.172
0.155403,0.0738
0.0,0.5041
0.015374,0.4053
0.232207,0.3113
0.0465,0.1804
0.0465,0.0293
0.076967,0.3125
0.015347,0.0099
0.186173,0.313
0.046325,1.4088
0.015548,0.3283
0.0776,0.8698
0.015507,0.2312
0.030641,0.1325
0.046419,0.7345
0.108485,0.738
0.031544,0.3971
0.015558,0.1575
0.04642,2.7597
0.093255,0.4748
0.046099,0.5896
0.046616,1.1249
0.154563,0.0265
0.124628,0.9181
0.122672,0.9845
0.092942,0.1194
0.062218,0.4279
0.108064,1.0787
0.030685,0.7813
0.046345,0.1204
0.062011,0.1958
0.061443,0.0011
0.030885,0.6511
0.015185,0.0787
0.076456,0.1652
0.061616,0.5903
0.108667,0.2686
0.015158,0.371
0.015525,0.2634
0.0,2.4247
0.124017,0.1644
0.0,0.856
0.077256,0.0814
0.0,1.6001
0.046017,0.1871
0.01534,0.0678
0.0,0.1646
0.046397,0.1686
0.124685,0.3705
0.062093,0.8159
0.031302,1.113
0.0,0.5868
0.154317,0.0862
0.015351,0.7302
0.0,0.8974
0.077696,0.0932
0.063118,0.3521
0.031154,0.534
0.046319,0.1086
0.17038,0.0254
0.139446,0.2955
0.185192,0.0172
0.107914,0.0747
0.062205,0.5384
0.061768,0.0134
0.107759,1.7717
0.077436,0.1588
0.046228,1.5086
0.077536,0.1669
0.046322,0.3646
0.077073,1.4629
0.061732,0.7107
0.061227,0.9512
0.015618,0.428
0.045872,0.0347
0.046463,1.6337
0.030701,0.266
0.092809,0.216
0.09252,0.6332
0.123936,0.4587
0.062192,0.2503
0.061805,0.0111
0.046083,0.2673
0.077544,1.05
0.015411,1.2873
0.185845,0.5676
0.015603,0.0205
0.154935,1.8353
0.015616,0.1499
0.03079,0.6983
0.061333,1.2847
0.015555,0.476
0.0,0.0096
0.015769,1.018
0.0,0.6113
0.015305,0.4006
0.015383,0.5045
0.0,0.2425
0.0,1.8328
0.0929,1.3778
0.076418,0.8709
0.015438,1.5149
0.015471,0.1551
0.06259,0.6358
0.091512,0.0754
0.092723,0.1263
0.077315,0.178
0.015536,0.2212
0.061388,0.1436
0.030808,1.0401
0.015289,0.3353
0.030678,1.5687
0.030663,0.0124
0.015792,0.0891
0.281647,0.0151
0.015533,0.8372
0.202511,0.0061
0.202788,0.8381
0.015156,0.551
0.108551,1.0511
0.093009,1.6566
0.062387,0.3606
0.046493,0.8659
0.0,0.2693
0.139599,0.1192
0.264912,0.7084
0.015525,0.2829
0.046637,0.7632
0.092117,0.001
0.030764,0.0554
0.092369,1.3593
0.061915,0.3046
0.015623,0.345
0.109234,0.2625
0.030754,0.0746
0.031591,0.1059
0.047317,1.714
0.04669,0.7152
0.015751,0.4603
0.124756,0.0278
0.03123,0.1345
0.078466,0.2806
0.0,0.0167
0.031046,1.2044
0.015851,0.3936
0.077883,0.3599
0.047029,0.0577
0.046005,0.0177
0.015713,0.667
0.061275,0.3292
0.015527,0.7051
0.046518,0.5555
0.062187,0.5982
0.030586,0.3576
0.139637,0.1852
0.045913,0.1196
0.061984,0.1496
0.108435,0.3404
0.015164,0.7609
0.015596,0.1132
0.031612,0.3354
0.01554,1.0073
0.077673,0.0715
0.03089,0.2472
0.077403,1.2452
0.077161,0.4611
0.091577,2.0616
0.030861,0.3427
0.201418,0.3982
0.046291,0.3672
0.125326,0.2109
0.016026,0.5071
0.109988,0.7771
0.155302,0.7505
0.123269,0.7941
0.030727,0.1946
0.077499,0.5594
0.01555,4.34
0.0,0.373
0.0,0.3048
0.015339,0.9127
0.154394,0.2888
0.04716,0.0604
0.0,0.0495
0.07721,0.3698
0.04764,1.4916
0.047078,0.8524
0.031922,0.0867
0.031075,0.3652
0.047144,1.003
0.156852,0.5836
0.157974,1.6758
0.0,0.2088
0.078756,0.0729
0.031055,0.6662
0.062597,0.27
0.016065,0.2452
0.015514,1.4245
0.0,0.201
0.016037,0.5784
0.062243,0.0184
0.015541,0.6742
0.140283,1.1202
0.0,0.0769
0.015499,0.5408
0.062035,0.0855
0.0,0.3944
0.216474,0.4287
0.031043,0.5876
0.077661,0.094
0.047597,2.819
0.078684,0.068
0.06258,0.056
0.110081,0.2973
0.047102,0.21
0.0,0.1087
0.016025,0.3887
0.25064,0.1341
0.046651,0.0431
0.124258,0.2776
0.015215,0.713
0.015526,1.3569
0.109061,0.3839
0.157346,0.618
0.016055,0.0439
0.205033,0.0471
0.031022,1.2888
0.031562,0.0743
0.031183,0.091
0.062682,0.6629
0.031049,0.1795
0.031046,0.3734
0.047613,0.4645
0.01552,0.7977
0.092806,1.2759
0.015513,0.6934
0.046637,0.3791
0.062131,2.5878
0.031056,0.4283
0.031621,0.3049
0.046592,0.1878
0.062634,0.3286
0.0,0.9765
0.03157,0.0966
0.031555,0.0164
0.0,1.058
0.094004,0.161
0.016076,0.9556
0.0,0.3829
0.0,0.3954
0.063139,1.2577
0.0,1.4093
0.015522,0.9904
0.047615,0.0676
0.0,0.2695
0.0,0.0728
0.015537,0.4155
0.031557,0.1409
0.0,0.1167
0.015526,0.1455
0.015541,0.4067
0.016023,0.147
0.0,0.5118
0.000506,2.964
0.046601,2.277
0.0,0.2962
0.031571,0.187
0.016109,0.5927
0.015543,0.4166
0.016039,0.618
0.031566,0.335
0.0,0.0659
0.04761,0.5796
0.0,0.6209
0.000506,1.6843
0.0,1.2908
0.015051,1.194
0.031084,0.212
0.016053,0.0784
0.000507,0.1028
0.045755,0.073
0.015539,0.8105
0.031148,0.1307
0.0,0.1165
0.015535,0.2701
0.0,1.8746
0.031571,0.6323
0.015539,0.064
0.016035,0.6384
0.0,0.3021
0.0,0.1171
0.0,0.5626
0.000505,0.2417
0.030665,0.2227
0.01555,0.1166
0.0,0.1932
0.0,0.3566
0.015519,0.3885
0.0,0.6829
0.016011,1.2635
0.031121,0.8226
0.01513,0.0781
0.015589,0.4917
0.0,0.0516
0.015591,0.3245
0.015176,0.3389
0.016027,0.5816
0.015536,0.1388
0.0,0.0958
0.0,0.558
0.030743,0.2165
0.015552,0.3087
0.0,0.6614
0.030725,0.5813
0.0,1.613
0.0,0.5394
0.000504,0.013
0.015528,0.1005
0.014798,0.3955
0.015526,0.2116
0.031106,1.848
0.015524,0.9159
0.0,0.5654
0.015536,1.7691
0.015541,0.7808
0.015533,0.4383
0.015531,0.1526
0.0,0.9264
0.01604,0.1251
0.015518,0.1297
0.0,0.8126
0.015542,0.0151
0.015532,0.7319
0.0,0.7716
0.0,0.001
0.016042,1.1488
0.015542,0.4577
0.01602,0.6139
0.015531,0.9119
0.0,0.1623
0.0,0.0215
0.000507,0.1408
0.015512,0.9416
0.031318,0.3885
0.015517,0.1843
0.0,0.7216
0.031577,0.3935
0.0,2.329
0.016021,0.3247
0.01603,1.0674
0.0,0.3236
0.00051,0.3188
0.015033,0.355
0.0,0.4641
0.015528,0.2923
0.0,0.0317
0.031105,0.449
0.031559,0.3455
0.0,0.3238
0.016041,0.1155
0.0,0.355
0.015539,0.1343
0.016021,0.033
0.0,2.8228
0.000507,0.2841
0.015036,0.2503
0.0,2.2383
0.0,0.1905
0.031164,0.1658
0.0,0.04
0.0,0.0171
0.01555,1.0872
0.0,0.2693
0.015526,0.7704
0.015536,0.8075
0.0,0.9305
0.0,1.4532
0.015538,0.7515
0.0,0.6487
0.015528,0.2
0.015536,1.0877
0.01555,0.1931
0.015541,0.3221
0.016048,0.2332
0.0,0.3501
0.015557,0.237
0.031558,0.0599
0.0,0.43
0.015523,0.1619
0.000506,2.0679
0.0,1.9429
0.015049,0.2982
0.0,0.1428
0.016033,0.5774
0.0,0.363
0.000507,0.6009
0.01502,0.7976
0.016036,0.0373
0.0,0.6256
0.000508,0.4357
0.0,0.1304
0.014997,0.3298
0.0,0.307
0.016039,0.5328
0.0,0.6897
0.000512,0.0033
0.015066,0.0522
0.0,0.6389
0.031066,0.4972
0.000501,0.5071
0.015544,0.4744
0.0,0.0176
0.015528,0.3888
0.0,1.449
0.0005,0.1394
0.015026,0.6389
0.0,0.3022
0.015532,0.4993
0.016055,0.4888
0.0,0.5119
0.015542,0.9314
0.031558,0.1669
0.0,0.1158
0.0,0.0205
0.015521,0.1352
0.015516,0.6935
0.0,0.602
0.0,0.0642
0.0,0.2087
0.0005,0.0526
0.01553,0.0949
0.031557,1.7949
0.0,0.6406
0.0,1.6581
0.015538,0.1032
0.0,0.3838
0.0,0.495
0.000503,0.2153
0.015595,0.2558
0.015504,0.1599
0.016024,0.1559
0.0,0.0262
0.0,0.66
0.015528,0.716
0.016016,0.4154
0.015164,0.2241
0.0,0.2416
0.01553,0.8189
0.0,0.3967
0.015538,0.7836
0.0,0.3626
0.000502,0.3067
0.0,0.0485
0.01502,0.2581
0.0,0.1898
0.015127,0.2171
0.015518,0.2038
0.0,0.1217
0.0,0.0289
0.015409,0.055
0.0,0.2088
0.0,0.2046
0.0005,1.8129
0.01502,0.3163
0.0,0.54
0.01524,0.7332
0.01552,0.8018
0.0,0.0022
0.000502,0.3247
0.015023,1.2578
0.0,1.3449
0.0,0.4299
0.015521,0.1058
0.0,0.2893
0.0,0.4978
0.0,0.1048
0.000502,0.2504
0.077608,0.8104
0.0,0.3359
0.0,0.1529
0.015523,0.2
0.016057,0.3318
0.0,1.2634
0.0,0.2747
0.000507,0.0813
0.01502,0.1612
0.0,0.2967
0.0,0.2977
0.016021,0.1219
0.0,0.2925
0.000507,1.5645
0.0,0.4646
0.01503,0.1377
0.0,0.0743
0.015519,0.4709
0.0,0.1673
0.000505,0.3313
0.015023,0.4251
0.0,0.3147
0.0,0.6907
0.016027,1.156
0.0,3.4689
0.015523,1.0122
0.0,0.1676
0.016016,0.0268
0.0,0.1975
0.015187,0.1694
0.0,0.5321
0.0,0.0673
0.015522,0.1394
0.0,1.399
0.015531,0.2244
0.0,0.2493
0.0,1.0047
0.031219,0.5501
0.0,0.7011
0.016019,0.8424
0.015521,0.1896
0.0,0.3385
0.015539,0.9542
0.0,0.1027
0.0,0.0197
0.015517,0.0778
0.0,1.0273
0.016023,1.0297
0.0,0.51
0.000507,0.0076
0.0,0.3133
0.0,0.1655
0.0,0.0115
0.015018,0.2836
0.0,0.205
0.0,1.3443
0.016023,0.0762
0.0,0.1507
0.0,1.79
0.015517,0.0998
0.0,0.3417
0.0,0.7511
0.016021,0.6907
0.0,1.4887
0.0,0.4025
0.01551,0.602
0.0,0.1549
0.0,0.7431
0.047556,0.1668
0.0,0.8795
0.0,0.067
0.015543,0.3823
0.0,0.388
0.0,0.5105
0.000506,0.2179
0.031049,0.4406
0.0,0.0226
0.0,0.3376
0.000502,0.5506
0.015504,0.2444
0.0,0.7887
0.0,0.3257
0.0,0.1681
0.015527,0.0785
0.0,0.1399
0.0,0.0278
0.000502,0.5827
0.01504,0.1916
0.0,0.7444
0.0,1.6998
0.000504,0.4037
0.0,1.1512
0.015022,1.6751
0.015534,0.3051
0.0,0.1299
0.015523,0.0099
0.0,0.0029
0.016016,0.6244
0.0,0.0949
0.0,0.0134
0.000506,0.6211
0.0,0.0905
0.015028,0.3297
0.016032,0.6231
0.015519,0.1066
0.0,0.0552
0.0,0.1733
0.016045,0.099
0.0,0.2405
0.0,0.0351
0.000507,1.3752
0.015028,0.342
0.0,0.1681
0.015632,0.3232
0.0,0.1224
0.015555,0.1168
0.0,0.3027
0.016009,0.8277
0.0,0.1177
0.0,0.9763
0.0,0.0495
0.015525,0.4593
0.0,0.7584
0.0,0.5074
0.016027,0.9016
0.015515,0.4534
0.016034,0.643
0.0,2.0399
0.015153,0.2876
0.01555,0.2335
0.0,1.0701
0.0,0.0511
0.0,0.7272
0.0,0.1506
0.015205,0.4099
0.015505,0.8313
0.0,1.102
0.015209,0.1706
0.015549,0.9698
0.0,2.1039
0.0,0.0061
0.000502,1.7685
0.0,1.1569
0.014911,1.6844
0.0,0.2199
0.015525,0.4711
0.0,0.0493
0.0,0.1962
0.000502,0.0477
0.015107,0.0399
0.0,0.8676
0.015522,0.9989
0.015541,0.9808
0.0,0.5865
0.01552,0.3775
0.0,0.1306
0.0,0.0516
0.015543,0.1067
0.0,0.3779
0.015539,0.0218
0.0,0.1313
0.0,0.5251
0.0,0.1786
0.015544,0.4173
0.0,0.0812
0.015522,0.149
0.0,0.0286
0.0,0.4229
0.015547,0.0145
0.015533,0.1531
0.0,0.0486
0.0,0.6928
0.015545,0.8616
0.0,0.2156
0.0,0.889
0.000504,0.0764
0.015009,0.1477
0.0,0.3957
0.015578,0.5418
0.0,0.1065
0.015525,0.0655
0.016031,0.0989
0.0,1.1761
0.0,0.1159
0.0,0.1596
0.015531,0.4136
0.015516,2.1624
0.0,0.6181
0.015209,0.2664
0.0,0.0915
0.03154,0.4528
0.0,0.8181
0.0,0.5118
0.016053,0.675
0.0,0.2528
0.015518,0.2349
0.0,0.1324
0.000502,0.0951
0.015524,0.4206
0.0,0.0667
0.0,1.1342
0.000504,0.2041
0.014671,0.2261
0.0,0.482
0.0,0.1271
0.0,0.1171
0.016034,0.0413
0.0,0.3203
0.0,0.1543
0.0,0.1284
0.015543,0.2036
0.0,0.0204
0.0,0.0491
0.0,0.249
0.016039,0.1014
0.015518,1.0281
0.031641,0.455
0.0,0.2712
0.0,0.0754
0.016025,0.6919
0.0,0.1377
0.0,1.1264
0.000507,0.2345
0.0,0.1583
0.015036,0.6826
0.01602,0.5223
0.0,0.1638
0.0,0.3169
0.031108,0.0684
0.015512,0.2424
0.0,0.6254
0.0,0.1812
0.016045,1.2794
0.0,0.3896
0.047107,1.1648
0.0,0.4774
0.0,0.3934
0.016022,0.1489
0.0,0.2541
0.0,0.1607
0.000506,0.7402
0.015043,0.1427
0.0,0.631
0.0,0.4229
0.0,1.3237
0.000498,0.6696
0.0,0.0464
0.015535,0.081
0.0,0.9094
0.0,0.0141
0.0,0.0204
0.015527,0.2393
0.0,0.0852
0.015523,0.3735
0.0,0.2637
0.015533,0.2152
0.016028,0.4467
0.0,0.1567
0.030693,1.3384
0.0,0.6981
0.0,0.0117
0.0,0.5546
0.0,0.0617
0.015179,0.0854
0.0,0.798
0.0,0.5083
0.01553,0.0223
0.0,0.501
0.0,0.3442
0.015249,0.4248
0.0,0.052
0.0,0.36
0.000503,1.1414
0.015023,0.4353
0.015528,0.5447
0.0,0.1888
0.0005,1.1054
0.0,0.0924
0.0,0.5151
0.0,0.5928
0.000501,1.777
0.014512,0.0262
0.0,0.0897
0.0,1.8959
0.0005,0.0148
0.030615,0.0472
0.0,0.4137
0.015593,0.2495
0.0,0.135
0.0,0.5499
0.015533,0.4198
0.015522,0.2511
0.0,1.0972
0.0,0.0496
0.015141,0.1859
0.0,0.4549
0.016047,0.0647
0.0,0.2587
0.0,0.3772
0.015519,0.3127
0.0,0.1532
0.0,1.8113
0.0,0.244
0.000501,0.4111
0.015028,0.193
0.0,0.4272
0.0,0.6416
0.000503,0.4269
0.015007,0.1949
0.0,0.6127
0.031577,0.2211
0.015521,0.0201
0.0,0.2122
0.0,0.2076
0.000505,0.3861
0.015026,1.3761
0.0,0.4976
0.0,0.165
0.015536,1.3838
0.0,1.3507
0.015522,0.5683
0.0,0.5513
0.0,0.4873
0.031064,0.3307
0.0,0.1047
0.016033,0.2748
0.0,0.2124
0.0,1.0563
0.000506,1.926
0.0,0.2526
0.0,0.2063
0.015044,0.5604
0.0,0.7828
0.000501,0.5907
0.0,0.8955
0.015019,0.0733
0.0,0.2067
0.000506,0.3061
0.0,0.6983
0.014735,1.2252
0.0,0.3507
0.0,0.5165
0.015523,0.4358
0.015146,0.1658
0.0,0.1501
0.0,1.2993
0.01554,0.3137
0.0,0.677
0.0,0.5625
0.0,0.4082
0.000501,0.366
0.0,0.7687
0.014905,0.1321
0.0,0.232
0.0,0.0221
0.015511,0.03
0.015523,0.0234
0.015539,1.6194
0.0,0.2228
0.0,0.235
0.015588,0.9214
0.0,0.1247
0.0,0.2222
0.015538,0.163
0.0,0.545
0.015579,0.396
0.0,0.2084
0.015556,2.3828
0.0,0.3917
0.0,1.8207
0.031049,0.3792
0.0,0.1691
0.01552,0.5685
0.0,0.3576
0.0,0.1306
0.01556,0.4496
0.0,0.3083
0.015546,0.2129
0.0,0.4271
0.0,0.3729
0.000504,0.0536
0.0,0.7154
0.015015,0.0674
0.015538,0.2304
0.0,0.612
0.0,0.8903
0.000503,0.442
0.015026,0.2987
0.0,1.4917
0.0,0.6663
0.000506,0.0564
0.0,1.2471
0.0,0.4343
0.015014,0.2992
0.01553,0.3135
0.0,1.0978
0.0,2.0359
0.015554,1.0236
0.0,0.1822
0.015525,1.356
0.0,0.072
0.0,0.4668
0.000498,0.1603
0.0,0.5417
0.015048,0.374
0.0,1.3103
0.0,0.7465
0.015532,0.271
0.0,0.4908
0.01553,0.1825
0.0,0.9619
0.031546,1.4699
0.0,0.0232
0.0,0.0563
0.000507,0.0028
0.015033,0.0993
0.0,0.1084
0.0,1.4747
0.0005,0.1512
0.0,0.2735
0.0,0.1601
0.0,0.7744
0.000499,0.2834
0.014512,0.6747
0.0,0.4606
0.015528,0.1075
0.031051,0.5642
0.0,0.2176
0.032063,0.62
0.0,0.3604
0.0,0.4697
0.000504,0.1543
0.015016,1.06
0.0,0.1618
0.0,0.8103
0.000506,0.0138
0.015033,0.6593
0.0,1.0188
0.016042,0.4002
0.0,1.5955
0.015527,0.4206
0.0,0.7737
0.0,1.337
0.015538,0.045
0.015521,0.0755
0.0,0.0445
0.0,0.8008
0.000504,0.1608
0.015509,1.7905
0.031541,0.1737
0.0,0.5713
0.015538,0.2156
0.0,0.9222
0.0,1.0652
0.000504,0.0391
0.0,0.8734
0.0,1.3633
0.00038,0.6318
0.014635,0.1445
0.01552,0.1787
0.0,0.1571
0.0,0.4163
0.0,0.2486
0.016038,1.2573
0.015524,0.0009
0.0,2.154
0.016042,0.1241
0.0,3.4888
0.0,0.0878
0.015529,0.1246
0.0,2.1079
0.0,0.3536
0.016014,0.4611
0.015582,0.2981
0.0,0.2865
0.0,1.2044
0.0,0.196
0.015545,0.7008
0.0,0.0018
0.015144,0.3785
0.0,0.2561
0.0,0.3989
0.015523,0.3133
0.0,0.0334
0.015163,0.84
0.0,0.5529
0.0,0.0257
0.015511,0.548
0.0,0.0542
0.0,0.366
0.0,0.08
0.000502,1.3137
0.0,1.7283
0.0,0.8545
0.0,1.6515
0.01502,0.4884
0.0,1.3541
0.031024,0.6837
0.030693,0.6741
0.015546,0.3185
0.0,0.0149
0.0,1.4331
0.000505,0.7187
0.0,0.358
0.01493,0.4204
0.0,0.4183
0.0,0.0389
0.01553,0.387
0.015534,0.1314
0.0,1.0064
0.015564,0.833
0.0,1.612
0.015543,0.369
0.016021,0.3206
0.0,0.1455
0.01553,0.8504
0.0,0.5272
0.000498,0.7239
0.0,0.2328
0.015002,0.0533
0.0,0.6014
0.015145,0.2154
0.0,0.0074
0.0,0.4304
0.000504,1.3167
0.015023,1.4645
0.0,0.2156
0.01552,0.0785
0.0,0.2602
0.015525,0.5053
0.016035,1.0634
0.0,0.7244
0.015517,0.4902
0.0,0.2759
0.0,0.1855
0.015575,0.2064
0.015546,0.132
0.0,0.0322
0.0,0.1073
0.0,0.1568
0.000499,0.497
0.015013,0.2167
0.015538,0.7912
0.0,0.8663
0.000501,0.168
0.015526,0.4102
0.0,0.1835
0.000506,0.2342
0.0,0.0088
0.015008,0.1319
0.016036,0.9049
0.0,0.3148
0.015527,0.0723
0.0,0.656
0.0,0.7387
0.0,0.0642
0.0,0.8261
0.000662,0.1397
0.01502,1.4761
0.0,2.0005
0.0,0.2157
0.0,0.4206
0.000506,0.1321
0.01503,1.4362
0.0,0.0481
0.0,0.0834
0.000503,0.1048
0.015019,0.4349
0.0,1.3589
0.0,0.3301
0.0,0.5352
0.0005,0.0234
0.015024,0.5196
0.0,0.015
0.01553,0.5157
0.0,0.4438
0.0,0.0046
0.031555,1.6866
0.0,0.0729
0.01551,0.048
0.0,0.6089
0.0,0.0049
0.000513,0.5766
0.014672,0.3133
0.0,0.0109
0.0,0.7633
0.030705,0.6823
0.0,0.0509
0.0,0.2875
0.015532,0.0035
0.0,0.1423
0.0,0.761
0.031055,0.4109
0.0,1.2213
0.000498,0.3945
0.015006,0.0211
0.0,0.0607
0.0,0.2046
0.0,0.2952
0.03104,1.8452
0.0,1.0037
0.015529,0.6015
0.0,0.0947
0.015516,0.219
0.0,0.1593
0.0,0.047
0.0,0.11
0.0,0.6426
0.015211,0.1694
0.015505,0.7262
0.0,0.3396
0.0,0.1336
0.0,0.1336
0.015248,0.1423
0.0,1.074
0.0,0.0002
0.000504,0.343
0.015109,0.1792
0.0,0.4008
0.015531,1.1276
0.015544,0.149
0.0,0.3235
0.016024,0.1285
0.0,1.0794
0.0,0.4249
0.000507,0.4314
0.015009,1.8379
0.0,0.1256
0.0,0.1611
0.0,0.2375
0.015719,0.0602
0.0,1.5397
0.015519,0.8258
0.0,1.1327
0.016023,0.3067
0.0,0.2965
0.0,0.1428
0.015539,0.0942
0.0,1.7173
0.0,0.6275
0.015534,0.0786
0.0,0.1285
0.0,1.6232
0.015542,0.5968
0.0,0.0127
0.0,0.3746
0.016034,0.0392
0.000505,0.0596
0.0005,0.4927
0.014511,0.433
0.0,0.083
0.015513,0.1653
0.015501,0.4985
0.0,0.5682
0.015506,0.18
0.0,0.4901
0.015543,0.0373
0.0,0.3911
0.0,1.3062
0.015503,0.7175
0.01551,0.1355
0.0,0.1583
0.0,0.1642
0.0,0.0118
0.031081,0.8212
0.0,0.1627
0.016062,0.0327
0.0,0.7792
0.0,0.0087
0.0,0.0908
0.000505,0.4038
0.0,0.0587
0.014764,0.8038
0.0,0.7757
0.0,0.2609
0.015528,0.8065
0.0,1.6332
0.0,0.1322
0.0,0.7615
0.015555,0.0397
0.015532,0.2236
0.0,0.4302
0.0,0.2696
0.0,0.006
0.000501,1.0367
0.0,3.7065
0.0,0.7793
0.015051,0.1865
0.015542,0.0663
0.0,0.2764
0.015541,0.1908
0.0,0.4373
0.0,0.2703
0.0,0.3073
0.016049,0.2568
0.0,0.4919
0.0,0.4723
0.015536,0.6847
0.0,0.0572
0.0,0.771
0.0005,0.3149
0.015063,1.2076
0.015544,0.1673
0.016034,0.2566
0.0,0.1874
0.0,0.2298
0.015151,0.1729
0.0,0.6192
0.0,0.3064
0.000506,0.846
0.0,0.8354
0.015548,0.8086
0.015528,0.3539
0.016042,0.2247
0.0,1.2575
0.0,0.3347
0.0,0.0363
0.015238,0.4951
0.0,1.2553
0.0,0.2981
0.0,0.0552
0.030766,0.4471
0.0,1.6827
0.0,0.4352
0.000499,0.7104
0.015054,0.3605
0.015471,0.021
0.0,0.2303
0.0,0.4922
0.031463,0.1899
0.0,0.3021
0.015559,0.2739
0.000508,0.0503
0.0,0.8825
0.015019,1.1223
0.0,0.0569
0.0,1.475
0.0005,0.3137
0.015041,0.3203
0.0,0.4799
0.0,0.0081
0.015609,1.2323
0.0,0.7534
0.015523,0.0205
0.0,0.993
0.015288,0.1608
0.0,0.097
0.000499,1.3261
0.0,0.2285
0.0,0.1078
0.015006,0.0666
0.0,0.0154
0.015625,0.8157
0.015527,0.8298
0.0,0.1463
0.0,0.1239
0.0005,0.3721
0.0,0.4401
0.014637,0.1284
0.0,0.2616
0.015525,0.0435
0.0,1.1594
0.0,1.0341
0.000499,0.1663
0.0,0.1378
0.015013,0.4946
0.0,0.1497
0.000501,0.1965
0.015052,0.0419
0.0,1.0695
0.000499,0.1685
0.0,0.4874
0.015001,0.5483
0.015526,2.2061
0.0,0.1905
0.0,1.4737
0.016095,0.4658
0.0,1.777
0.015558,0.0267
0.0,0.6639
0.0,0.1709
0.015129,1.051
0.0,0.5115
0.030438,0.8898
0.0,0.2723
0.031066,0.538
0.0,0.4099
0.0,0.5727
0.015598,0.8414
0.0,0.132
0.015138,0.3387
0.0,0.7873
0.0,0.859
0.015334,0.0596
0.01553,0.0681
0.0,0.2303
0.0,0.0615
0.015525,0.2027
0.015504,0.7533
0.0,0.2839
0.0,1.3079
0.015511,0.8724
0.0,0.041
0.015558,0.0976
0.0,0.2864
0.0,0.1629
0.015553,0.2897
0.0,0.8464
0.0,0.0996
0.015555,0.2307
0.015666,0.5502
0.015534,0.141
0.0,0.3436
0.000502,0.1942
0.0,0.6569
0.015014,0.4744
0.0,0.7182
0.000499,0.1248
0.015,0.1073
0.0,0.1577
0.015509,0.5381
0.0,0.3235
0.000501,0.3836
0.0,0.132
0.0,0.2569
0.000498,1.7051
0.014514,0.2772
0.0,1.3796
0.0,2.0729
0.000508,1.1807
0.0,0.389
0.015053,0.6883
0.0,0.7776
0.0,0.1411
0.016045,0.0474
0.0,1.807
0.015599,0.1309
0.015816,1.3841
0.0,0.1384
0.0,0.0361
0.015618,0.5722
0.015524,0.3452
0.0,0.1084
0.0,0.1232
0.01588,0.7191
0.0,0.1742
0.0,0.7954
0.0,0.0757
0.000507,0.1126
0.015063,0.4881
0.0,0.0275
0.0,0.0449
0.03106,0.2639
0.0,0.45
0.000501,0.1995
0.015214,0.457
0.0,2.2814
0.0,0.6366
0.015149,0.3918
0.015146,1.1269
0.0,1.4635
0.015535,0.4578
0.0,0.3394
0.015582,0.6318
0.0,0.3921
0.015534,0.2773
0.015563,0.1923
0.0,0.248
0.000502,0.1219
0.0,0.2237
0.01503,0.0277
0.0,0.2401
0.015546,0.3433
0.0,0.452
0.015549,0.5526
0.015543,0.0194
0.0,1.3422
0.000505,0.8917
0.0,1.4971
0.015003,1.8333
0.0,0.2705
0.015547,0.2218
0.015566,0.3003
0.01553,0.1008
0.015573,0.6634
0.0,0.3588
0.0,1.0618
0.000501,0.0386
0.0,1.824
0.000441,0.8339
0.014599,0.4132
0.0,0.2072
0.0,0.0874
0.015378,0.0024
0.0,0.2021
0.015522,1.6906
0.0,2.075
0.0,0.0071
0.0,0.3038
0.000506,0.7323
0.015019,1.3074
0.01603,1.1239
0.0,0.3744
0.000506,2.1325
0.015027,1.1441
0.0,0.1243
0.0,0.0916
0.015526,0.7082
0.015533,0.5723
0.0,0.6155
0.0,0.3365
0.0005,0.8456
0.015523,0.5492
0.0,0.1451
0.0,0.0613
0.015514,0.7437
0.0,0.0611
0.0,1.001
0.0,0.0799
0.015604,0.3639
0.0,0.3004
0.000507,1.5608
0.015086,0.1139
0.0,0.2303
0.000424,0.1983
0.015094,0.3759
0.0,0.9186
0.015572,0.0617
0.0,0.0707
0.0,0.3232
0.01602,0.0113
0.0,0.1658
0.0,0.4408
0.015526,0.043
0.015563,0.0134
0.0,1.5305
0.015267,0.2529
0.0,0.2591
0.0,0.0258
0.000501,0.2497
0.0,0.7303
0.015602,1.4237
0.015143,0.1978
0.0,0.4029
0.000499,0.2543
0.015027,0.0456
0.015147,0.1485
0.01552,0.3631
0.0,0.1603
0.015548,0.6582
0.0,0.8569
0.0005,0.0928
0.0,0.5034
0.01503,0.3099
0.015604,0.7066
0.0,0.2361
0.015545,0.4438
0.0,0.941
0.015526,0.1058
0.0,0.1335
0.0005,0.0276
0.031089,2.07
0.015533,0.2026
0.0,0.3022
0.0,0.2555
0.0,0.0434
0.000654,0.0421
0.014533,0.7903
0.0,0.3772
0.015501,0.0405
0.0,0.6508
0.000499,0.1666
0.0,0.0893
0.014897,0.1106
0.0,0.6416
0.015523,1.332
0.0,0.5523
0.015514,0.611
0.0,0.0892
0.000499,0.0952
0.015523,0.2465
0.0,0.107
0.000506,0.0492
0.015021,0.9846
0.0,0.0511
0.015129,0.35
0.0,0.0356
0.000503,0.3859
0.015129,0.2225
0.0,0.2004
0.015521,0.0015
0.0,0.1954
0.0005,0.2487
0.015468,0.4124
0.0,1.3749
0.0,3.0405
0.000506,0.3903
0.014625,0.1555
0.0,0.1775
0.0,0.028
0.016019,0.7008
0.0,0.1995
0.015531,0.9793
0.0,1.6943
0.0,0.2335
0.0,0.4309
0.016045,0.158
0.015517,0.6288
0.0,0.8393
0.000501,0.3645
0.0,0.3771
0.015538,0.4435
0.0,0.1907
0.01513,0.9604
0.0,0.0579
0.015548,2.0945
0.0,0.5159
0.01519,0.4413
0.015387,0.0856
0.0,0.6067
0.0,1.5893
0.015127,0.0274
0.0,0.0982
0.0,0.4889
0.015522,0.1732
0.0,0.3162
0.0,0.2654
0.0,0.1181
0.0,0.1196
0.015599,0.6074
0.0,1.1909
0.015552,1.4928
0.015528,0.5333
0.0,0.0613
0.015541,0.7126
0.015564,0.0399
0.0155,0.7054
0.0,0.1277
0.031076,0.5213
0.000497,0.2433
0.0,0.7082
0.0,0.2856
0.0,0.2764
0.0005,0.1363
0.0,2.0743
0.014518,0.6872
0.0,1.2443
0.0,0.08
0.01553,0.2741
0.0,0.7457
0.0,1.7813
0.015656,0.7524
0.0,0.4692
0.015535,0.0516
0.015533,0.0346
0.0,0.2561
0.000502,0.2073
0.0,0.5598
0.015022,0.0687
0.0,0.1052
0.015416,0.0304
0.015553,0.3417
0.0,0.5023
0.0,0.1059
0.0005,0.1734
0.015028,1.2858
0.0,1.0882
0.000498,0.4255
0.015048,0.0378
0.0,0.5802
0.000501,0.4648
0.0,0.4882
0.0,0.0469
0.0,0.1362
0.015044,0.3244
0.0,0.4286
0.015548,0.4303
0.015543,0.5057
0.0,0.1898
0.015524,0.3231
0.0,0.2483
0.015531,0.6206
0.0,0.1312
0.000503,0.7976
0.0,0.1789
0.0,0.0271
0.0,0.7053
0.015078,0.689
0.0,0.5928
0.015139,0.0824
0.0,0.7231
0.0,0.3764
0.015366,0.5054
0.015514,0.7052
0.015549,0.1038
0.0,0.2336
0.000502,0.3417
0.015009,0.2646
0.0,0.7649
0.0,0.1184
0.0,0.8879
0.015257,0.0129
0.0,1.067
0.0,1.2379
0.015243,0.3148
0.0,0.244
0.015592,0.251
0.015523,0.2077
0.0,0.2885
0.0,0.1224
0.000499,0.1174
0.030578,0.3276
0.015567,0.5211
0.0,0.1382
0.000501,0.0627
0.014987,0.2608
0.0,0.3824
0.01553,1.3146
0.0,0.0763
0.0,0.2592
0.015534,0.4277
0.0,1.2483
0.000499,0.5446
0.0,0.0448
0.0,1.7352
0.015019,1.7842
0.0,0.0004
0.0005,1.5629
0.0,0.0523
0.0,0.1596
0.015045,0.0527
0.0,0.653
0.015558,0.2239
0.0,0.6489
0.0005,0.6814
0.0,0.48
0.0,0.4379
0.015017,0.8057
0.0,0.3057
0.015556,0.0002
0.015515,0.126
0.0,0.3708
0.015515,0.0584
0.0,0.211
0.015499,0.3851
0.0,0.2684
0.0,0.001
0.016023,0.0906
0.0,0.8924
0.0,1.0366
0.0,1.6132
0.031096,0.3076
0.0,0.5108
0.0,0.0957
0.015136,0.2291
0.0,0.0528
0.0,0.2185
0.0,0.3037
0.000502,0.5137
0.0,0.1628
0.015544,1.2279
0.0,0.0618
0.015549,0.0479
0.0,0.3964
0.015191,1.026
0.0,1.4802
0.015204,0.0439
0.015512,0.1706
0.000505,0.2436
0.0,0.1929
0.0,1.4762
0.03017,0.0962
0.0,0.6751
0.015177,0.7443
0.0,1.2634
0.000508,0.0291
0.0,0.6079
0.0,0.6654
0.0,0.1753
0.015082,0.6687
0.0,0.7359
0.0,1.2069
0.015426,0.5237
0.015544,1.3019
0.0,0.0013
0.016042,0.1987
0.0,0.096
0.015533,0.6163
0.0,1.3827
0.0,0.7637
0.000502,0.2697
0.015036,0.2004
0.0,0.0745
0.0,0.2045
0.015528,0.0745
0.0,0.8422
0.0,1.4744
0.000498,0.7382
0.0,0.2817
0.014886,0.1357
0.015538,1.5237
0.0,0.5677
0.0,0.1914
0.015532,0.2916
0.0,0.3546
0.0,0.1624
0.0,0.6242
0.015538,0.55
0.0,0.9067
0.015531,0.4992
0.0,0.0298
0.015504,0.2842
0.0,0.0972
0.015549,0.017
0.0,0.5952
0.0,0.5947
0.000506,0.1278
0.01501,0.2067
0.016042,0.0527
0.0,0.6119
0.0,0.2822
0.000504,0.1204
0.015058,0.1868
0.0,0.5177
0.016019,0.3796
0.0,0.152
0.000506,0.6303
0.015026,0.8172
0.016046,0.5624
0.0,0.1803
0.0,0.21
0.0,0.1566
0.015519,0.1159
0.0,1.8235
0.016028,1.02
0.0,0.0576
0.031566,0.363
0.0,0.6842
0.0,1.2027
0.000506,0.0113
0.031053,0.3187
0.0,0.1005
0.000505,0.3038
0.0,0.3983
0.0,1.1256
0.0,0.331
0.015041,0.15
0.0,0.0098
0.016042,0.0086
0.0,0.1268
0.0,0.3333
0.000509,0.0947
0.0,0.8002
0.015001,0.0879
0.0,1.2518
0.000506,0.6327
0.015053,0.7635
0.0,0.3548
0.000506,0.0451
0.0,0.0732
0.030749,0.4799
0.0,0.3448
0.015536,0.0355
0.0,0.0398
0.016018,1.1969
0.0,0.3512
0.0,0.2134
0.015525,0.1057
0.015869,0.3445
0.0,1.3141
0.0,0.6463
0.000507,0.1135
0.015016,0.2166
0.016028,0.0348
0.0,0.5602
0.0,0.8622
0.000506,0.7266
0.015019,0.057
0.0,0.0759
0.0,0.0412
0.015734,0.3958
0.015574,0.304
0.0,0.2551
0.000499,0.9401
0.015223,1.1028
0.015531,0.272
0.016025,0.1141
0.015523,1.3866
0.0,0.1805
0.0,0.1001
0.000501,0.2316
0.01553,0.7121
0.0,0.3434
0.000507,1.1675
0.015019,0.0724
0.0,0.428
0.000501,0.1021
0.0,0.2033
0.015515,0.0396
0.015537,0.4824
0.0,0.1718
0.016015,0.2689
0.015216,0.2412
0.0,0.3007
0.0,0.1909
0.0005,0.9829
0.0,0.2237
0.015069,1.0679
0.0,0.137
0.000505,0.4938
0.031058,0.0154
0.0,0.6635
0.000507,0.0869
0.0,0.4086
0.0,0.6302
0.01553,0.3684
0.0,0.4707
0.0,0.5549
0.015145,0.5561
0.031569,0.5029
0.031567,0.408
0.0,0.0329
0.015537,0.1557
0.0,0.014
0.0,0.3734
0.0005,0.2928
0.015532,2.5619
0.015528,0.0075
0.0,0.1874
0.016027,0.154
0.0,0.0518
0.015549,0.3978
0.0,0.6141
0.0,1.0465
0.000501,1.9892
0.0,0.4923
0.015517,0.4772
0.0,0.1954
0.0,0.0473
0.000508,0.5349
0.0,0.1265
0.014874,0.0869
0.015546,0.3317
0.0,0.0037
0.015337,0.375
0.0,0.8895
0.0,0.2622
0.000502,0.2051
0.015556,0.0557
0.0,0.3649
0.015552,1.1252
0.016017,0.5451
0.0,0.0621
0.000507,0.925
0.0,0.1276
0.015044,0.4202
0.0,0.4249
0.0,0.3088
0.016026,0.3475
0.015535,0.3047
0.016031,0.1279
0.0,0.0587
0.015543,0.4176
0.0,0.1775
0.0,1.8122
0.000503,0.2183
0.015544,0.3993
0.0,0.2311
0.0,0.7007
0.000506,1.3419
0.0,0.8972
0.015023,0.1815
0.0,0.0641
0.0,0.6597
0.0005,0.8837
0.0,0.5061
0.000328,0.1433
0.015205,0.016
0.0,1.2774
0.0,0.2143
0.000506,0.3224
0.015044,0.2577
0.01605,0.2503
0.0,0.0999
0.015517,0.2018
0.0,0.5109
0.015658,0.1256
0.0,0.2709
0.0,0.2007
0.000508,0.2862
0.015032,0.3969
0.0,0.4077
0.015737,0.1539
0.016047,2.6977
0.0,0.8909
0.0,0.2076
0.015535,1.2954
0.015533,0.6739
0.0,1.0558
0.015539,0.4841
0.0,0.6511
0.015536,0.1988
0.015574,0.1054
0.0,0.1002
0.000507,0.0143
0.0,0.2586
0.0,0.2611
0.031042,0.1722
0.0,0.4176
0.015519,0.0221
0.0,0.4919
0.0,0.1305
0.0005,0.1048
0.01553,0.1644
0.0,0.6956
0.0,0.5649
0.000505,0.4036
0.0,0.1566
0.015001,0.4048
0.0,0.1887
0.0,0.2834
0.016033,0.1928
0.016017,0.4504
0.0,0.3334
0.000507,0.1027
0.015055,0.1838
0.0,0.7985
0.000506,0.3135
0.0,0.3977
0.0,0.3236
0.015537,0.148
0.015514,0.0783
0.0,0.0653
0.015533,1.7359
0.0,0.2671
0.0,0.1481
0.016021,0.425
0.0,0.6097
0.0,0.9929
0.000508,1.0827
0.01462,1.6235
0.0,0.9366
0.000501,1.428
0.0,0.1383
0.015049,0.0367
0.0,2.6111
0.0,2.4127
0.015227,0.6359
0.015512,0.1012
0.0,0.1858
0.015582,0.1431
0.0,0.6497
0.0,0.0745
0.000502,0.5213
0.014871,0.3045
0.0,0.7251
0.031147,0.2105
0.0,0.3748
0.0,0.4109
0.015329,0.4693
0.0,0.3683
0.0,1.7222
0.015521,1.0958
0.0,0.2958
0.0,0.6343
0.015524,0.3028
0.0,0.0352
0.0,1.0427
0.0005,0.0945
0.0,0.8624
0.015061,0.5952
0.01557,0.055
0.0,0.081
0.000506,0.8649
0.015031,0.1803
0.0,0.3376
0.031056,0.0053
0.015527,0.1606
0.0,1.0024
0.0,0.4269
0.000508,0.2672
0.015023,0.1542
0.015655,0.0625
0.0,0.3637
0.015529,0.0588
0.0,0.6443
0.016036,0.2326
0.0,0.0713
0.015554,0.9116
0.016037,0.1708
0.0,1.2229
0.015532,0.5289
0.0,0.0515
0.0005,0.0619
0.015058,0.9642
0.015538,0.3252
0.0,0.6031
0.016021,0.294
0.0,0.0437
0.0,0.8163
0.015196,0.8202
0.0,0.8147
0.000498,0.4816
0.014844,0.1891
0.0,2.1775
0.0,0.8632
0.015589,0.4684
0.0,0.2974
0.01602,0.515
0.0,0.5046
0.01553,0.8816
0.0,0.1554
0.0,0.4358
0.0,0.3343
0.000501,2.0756
0.0,0.2624
0.015522,0.1069
0.0,0.0346
0.0,0.1964
0.000508,0.3471
0.0,0.132
0.0,0.2864
0.000374,0.6853
0.015154,0.7577
0.0,0.6427
0.015537,0.0311
0.015532,1.2733
0.0,0.055
0.016021,1.1999
0.0,0.0013
0.0,0.115
0.015527,0.8182
0.016023,0.1807
0.0,1.6229
0.015542,0.0874
0.015563,0.3964
0.0,0.3338
0.0,1.1725
0.000511,0.0878
0.0,0.3319
0.015043,0.265
0.0,0.6245
0.01601,0.7491
0.0,0.1253
0.000507,0.0263
0.015014,1.076
0.0,0.0453
0.0,0.0048
0.015609,0.2166
0.0,0.1684
0.0,0.2791
0.0,0.3022
0.015253,0.0831
0.0,0.7075
0.000503,0.1798
0.015534,0.736
0.0,0.2432
0.015524,0.3003
0.0,0.3161
0.000501,0.276
0.015536,0.2357
0.0,0.8596
0.031563,0.4061
0.0,0.5035
0.0,0.0638
0.000506,2.2086
0.015001,0.0218
0.0,0.1179
0.015532,0.5446
0.0,0.0303
0.0,0.3258
0.015532,0.3916
0.0,0.3058
0.0,0.9272
0.000492,0.413
0.01553,0.2189
0.0,0.5193
0.015524,1.7624
0.0,1.3895
0.0,0.153
0.016058,0.1416
0.015525,0.3762
0.0,0.7159
0.0,1.4726
0.01604,0.5669
0.0,1.0501
0.000507,1.2337
0.0,0.221
0.0,0.0485
0.0,0.1965
0.000499,0.5888
0.015024,1.4674
0.0,0.144
0.0,0.6951
0.01556,0.0265
0.0,0.0255
0.00051,0.68
0.015015,0.0541
0.0,0.2959
0.0,0.0671
0.000494,0.1124
0.015043,0.6303
0.0,0.8963
0.015533,0.824
0.0,1.9754
0.015702,0.2027
0.0,0.4891
0.000506,0.003
0.01504,0.2089
0.0,0.8551
0.016035,0.1093
0.015527,0.4517
0.0,0.0416
0.0,0.6543
0.0,0.3104
0.016034,0.4573
0.0,0.2321
0.000505,0.9295
0.015029,0.0194
0.0,0.6418
0.0,0.1127
0.016035,0.026
0.0,1.2689
0.0,0.1362
0.015514,0.1001
0.0,0.4858
0.0,0.1882
0.015557,0.0403
0.0,0.0982
0.0,0.5658
0.0,0.8552
0.015526,0.4944
0.032074,0.1684
0.0,0.3851
0.0,0.0684
0.000505,1.1172
0.01505,0.4742
0.0,0.579
0.016016,0.3279
0.0,0.8055
0.000506,0.553
0.0,0.1903
0.015032,0.9423
0.0,0.1274
0.016037,2.0822
0.015531,0.0926
0.0,0.252
0.0,0.3234
0.000506,0.3219
0.0,0.2633
0.015047,0.4733
0.016069,0.6001
0.0,0.406
0.0,1.0688
0.015542,0.0591
0.016027,0.132
0.0,0.0905
0.0,1.2666
0.0,0.7628
0.000505,0.6897
0.0,0.6881
0.0,0.1553
0.015032,1.6558
0.016016,0.5276
0.0,0.0552
0.015533,1.915
0.015685,0.4961
0.0,0.3458
0.015534,0.1076
0.0,2.007
0.016025,0.6564
0.0,1.1286
0.0,0.5895
0.000506,0.0408
0.0,0.3358
0.015038,0.2136
0.0,0.0154
0.015287,0.1997
0.0,1.1538
0.015328,0.3044
0.015518,0.4028
0.0,0.8887
0.015599,0.298
0.0,0.7261
0.0,0.3873
0.015532,0.0317
0.0,0.0751
0.0,0.0573
0.015527,0.4143
0.0,0.0874
0.0,1.5317
0.000497,0.4231
0.0,0.012
0.0,0.564
0.0,0.2431
0.01503,0.0743
0.0,0.5185
0.015522,0.1817
0.0,2.4656
0.015541,2.0905
0.0,0.7247
0.0,0.0632
0.01555,0.1139
0.0,0.0429
0.0,0.7181
0.031036,0.2658
0.015549,0.5851
0.0,0.177
0.000502,0.1518
0.0,0.4744
0.0,0.3126
0.015025,0.2458
0.0,0.1347
0.0,0.2545
0.01554,0.1698
0.0,0.1163
0.016026,0.2292
0.0,0.3885
0.015182,0.2105
0.0,0.1703
0.016014,0.0303
0.015527,0.647
0.0,0.4959
0.0,0.2253
0.0,0.1401
0.016011,0.2251
0.015525,0.6741
0.0,0.6055
0.0,0.0771
0.016032,0.43
0.0,0.1739
0.015541,0.4981
0.0,0.457
0.0,0.0938
0.0,0.6991
0.000483,0.1667
0.031057,0.1622
0.0,0.6676
0.0,1.0811
0.016027,0.0189
0.0,0.5024
0.015531,0.1923
0.0,0.2537
0.016029,0.328
0.0,0.148
0.0,0.1056
0.031075,0.6957
0.0,0.6549
0.000506,1.1785
0.0,0.4835
0.0,0.402
0.0,0.2755
0.014666,1.0594
0.0,0.2352
0.0,0.4306
0.0,0.1442
0.015532,0.2059
0.01523,0.1977
0.0,0.6505
0.03105,0.5975
0.0,0.8052
0.0,0.0443
0.0,0.951
0.000498,0.0613
0.015539,0.2992
0.0,0.1869
0.0,0.2962
0.000509,0.2671
0.030193,0.0495
0.0,0.1372
0.015537,0.4135
0.015525,1.0152
0.0,0.0375
0.0,0.1951
0.0,0.6126
0.015547,2.0293
0.0,0.6824
0.0,0.0446
0.0,0.017
0.000502,0.6771
0.014999,0.7102
0.0,0.1545
0.0,0.4395
0.0,0.8384
0.015529,0.3478
0.015513,0.2507
0.0,0.6722
0.0,0.0318
0.031608,0.3118
0.0,0.373
0.015538,0.3364
0.0,0.3047
0.0,0.2653
0.0005,0.9356
0.015029,0.2999
0.0,0.1291
0.000502,0.2443
0.015035,0.0393
0.0,0.0141
0.016018,0.0169
0.0,0.449
0.0,0.2533
0.000506,0.3486
0.0,0.1469
0.015035,0.2661
0.015523,0.1585
0.0,0.1736
0.0,0.0754
0.0,0.0341
0.0,0.0271
0.015739,0.7672
0.031568,1.8026
0.0,0.6315
0.000508,0.3447
0.015023,0.1753
0.0,1.1865
0.0,0.5823
0.0,0.0059
0.0005,0.1599
0.015046,0.2508
0.0,0.3881
0.015543,0.5924
0.0,0.2622
0.0,0.6162
0.000502,0.1302
0.0,0.001
0.015539,0.1128
0.0,0.6158
0.015524,0.4032
0.0,1.6414
0.016124,1.0263
0.0,0.3415
0.0,0.4468
0.015525,0.3606
0.016038,0.7409
0.015531,0.1989
0.015532,0.0664
0.015524,0.343
0.015529,0.8275
0.0,0.3263
0.0,0.4568
0.0,0.2855
0.031571,0.8783
0.0,0.647
0.015574,0.1399
0.0,2.4293
0.0,0.5188
0.000497,2.2687
0.0,0.3298
0.0,0.9398
0.0,0.5901
0.000368,1.8511
0.015159,0.5146
0.0,0.1232
0.01554,1.1221
0.0,0.9806
0.016032,0.0852
0.0,0.2234
0.015541,0.8115
0.0,0.0165
0.0,0.1007
0.000499,0.0183
0.015523,0.1466
0.0,0.0238
0.016015,0.7226
0.0,0.489
0.015549,2.2345
0.0,0.1272
0.000499,0.3087
0.015027,0.2672
0.016047,1.8242
0.015532,0.1751
0.0,0.7043
0.0,1.6471
0.0005,0.2824
0.01504,0.0854
0.000508,0.3158
0.0,0.3898
0.0,0.0116
0.0,0.6075
0.0,0.2667
0.000498,0.5265
0.014546,1.2888
0.0,0.3474
0.015539,0.2109
0.0,0.0175
0.0,0.0756
0.01555,0.0217
0.016026,1.0136
0.0,0.6247
0.0,0.6656
0.000505,1.1297
0.015027,0.1313
0.0,0.2659
0.0,0.5305
0.016028,0.4256
0.015213,0.4394
0.0,0.2455
0.0,0.0787
0.015149,0.2756
0.0,1.1919
0.0,0.1673
0.015141,0.1464
0.015538,0.2612
0.0,0.0968
0.0,0.0789
0.0005,0.6064
0.0,0.6629
0.014829,0.5248
0.0,0.574
0.0,1.3698
0.015597,0.105
0.0,0.2842
0.031058,0.1545
0.0,1.6619
0.000497,1.2843
0.015024,0.2675
0.0,1.0395
0.0,0.2153
0.0,0.098
0.000501,0.2927
0.015055,0.2248
0.0,0.1339
0.0,0.4606
0.015553,0.412
0.015519,0.6805
0.0,0.9251
0.0,0.9912
0.01561,0.4076
0.016057,0.3142
0.0,0.42
0.0,0.2202
0.031068,0.4472
0.015527,0.0504
0.0,0.1378
0.015543,0.5898
0.0,0.5075
0.015541,0.6064
0.0,0.2681
0.0,2.3321
0.015526,1.2542
0.0,0.721
0.0,0.0468
0.0,0.0309
0.015553,0.0213
0.0,0.2817
0.0,0.3431
0.0,0.3048
0.0005,0.7752
0.0,0.9525
0.015025,0.4537
0.0,0.4636
0.0,0.3457
0.015555,0.2529
0.0,0.5089
0.015525,0.3908
0.0,0.8046
0.01553,0.0031
0.0,0.4532
0.0,0.0565
0.0,0.1671
0.015536,0.4198
0.0,0.0009
0.015564,0.027
0.0,0.1453
0.015519,3.4135
0.0,0.1718
0.0,0.2504
0.000501,0.4849
0.0,1.6055
0.015028,0.9287
0.0,0.481
0.015605,0.1215
0.0,1.1022
0.0,0.1958
0.015545,0.1137
0.01515,0.1922
0.000498,0.1709
0.015024,0.0001
0.015532,0.4321
0.0,0.9109
0.0,0.3035
0.000506,0.1068
0.0,0.8291
0.0,0.2281
0.015019,0.0246
0.015547,0.0965
0.0,0.608
0.0,0.28
0.0,1.3916
0.01603,2.2543
0.0,0.0471
0.0,1.5066
0.015534,0.3052
0.031655,0.0018
0.0,0.0792
0.0,0.324
0.0,2.8392
0.0005,0.5359
0.0,0.0258
0.0,0.9131
0.015521,0.1382
0.0,0.4976
0.0,0.0936
0.047085,0.5139
0.0,0.0807
0.0,0.2476
0.01602,0.1219
0.0,0.2738
0.015518,0.4667
0.0,0.7119
0.0,0.0656
0.0,0.5174
0.01604,0.0205
0.0,0.1496
0.0,0.3412
0.015535,0.2256
0.0,0.0967
0.0,0.7384
0.0,0.7783
0.000498,0.357
0.015532,0.0018
0.0,0.2728
0.0,1.1731
0.0,0.1843
0.015539,0.5713
0.015525,0.5728
0.015605,0.094
0.0,0.6419
0.015561,0.0783
0.0,0.6563
0.015526,0.3257
0.0,0.286
0.0,0.4668
0.016034,0.2486
0.0,0.1842
0.0,0.1475
0.015544,0.0436
0.0,0.2973
0.016037,0.0278
0.0,0.5763
0.0,0.4122
0.000506,0.0627
0.0,1.293
0.015062,1.9304
0.0,0.1603
0.0,1.04
0.016034,0.5642
0.0,0.1894
0.0,1.7311
0.015526,0.1046
0.0,1.0179
0.0,0.2995
0.015546,1.3651
0.0,1.1344
0.000499,0.1805
0.014891,0.0832
0.0,0.4964
0.015531,0.2952
0.0,1.4404
0.015206,0.2376
0.0,0.8249
0.015521,0.0316
0.0,0.5678
0.01554,1.0226
0.0,0.0768
0.015531,0.5593
0.0,0.5425
0.0,0.1752
0.0,0.5191
0.015523,0.0176
0.0,0.3082
0.0,1.4033
0.0005,0.196
0.0,1.1245
0.030548,0.0207
0.015582,0.5071
0.015374,0.4288
0.0,0.4615
0.0,0.9371
0.015524,0.1446
0.0,0.0105
0.01556,0.0331
0.0,0.1142
0.0,0.4338
0.0,0.2209
0.000499,0.251
0.0,0.3484
0.015025,0.7805
0.0,0.0541
0.0,0.1707
0.015545,0.2135
0.0,0.2304
0.0,0.1235
0.0005,0.6216
0.0,0.1395
0.015025,1.4198
0.0,0.0315
0.0,0.1148
0.015163,0.7145
0.0,0.7825
0.015154,0.045
0.016014,0.2118
0.0,0.8186
0.0,0.499
0.015536,0.6315
0.0,0.3096
0.0,0.1957
0.016036,0.9611
0.0,0.3693
0.0,2.0167
0.000507,0.6544
0.015032,0.9496
0.0,0.069
0.031597,0.0598
0.0,0.2743
0.016004,0.0787
0.0,0.3398
0.0,0.8297
0.015549,0.6774
0.016024,0.0766
0.015532,0.0552
0.015571,0.2456
0.0,0.8334
0.015527,0.8458
0.0,0.418
0.0,2.3191
0.0,0.4068
0.000506,0.2727
0.0,0.867
0.015529,0.0151
0.0,0.0887
0.0,0.212
0.000506,1.8533
0.015035,1.0318
0.01603,2.3897
0.0,0.1023
0.0,0.2337
0.015606,0.3951
0.016019,0.3914
0.0,1.4619
0.0,1.3652
0.0,0.6825
0.000508,0.4569
0.01503,0.7437
0.0,1.5702
0.016026,0.3113
0.0,0.2539
0.015531,0.5258
0.016012,0.4672
0.0,0.2499
0.016027,0.5778
0.0,0.106
0.015513,0.8471
0.0,0.3329
0.015549,0.7468
0.0,0.7614
0.0,0.3108
0.016056,0.0334
0.0,0.1946
0.015527,0.1595
0.0,0.0442
0.015572,0.5038
0.0,0.1023
0.015541,0.3218
0.0,0.0118
0.0005,0.2656
0.0,0.9799
0.01555,0.1733
0.0,1.3103
0.0,0.2594
0.000505,1.6522
0.015047,0.371
0.0,0.0858
0.0,0.2604
0.0,1.1054
0.000501,0.6177
0.0,0.5336
0.0,0.5856
0.015017,0.5222
0.031043,0.0809
0.0,0.1616
0.015518,0.209
0.0,0.3785
0.016031,0.7927
0.0,0.2048
0.0,0.9646
0.015534,0.0758
0.01607,0.849
0.0,0.8875
0.015565,0.5058
0.0,0.2134
0.0,0.3285
0.015522,2.1524
0.0,0.688
0.000506,0.9784
0.015001,0.4815
0.0,0.3261
0.0,2.2768
0.0,0.8041
0.000499,0.565
0.015526,0.4607
0.0,0.2504
0.0,0.5125
0.015531,0.1237
0.0,0.1303
0.0,0.1019
0.016027,0.7673
0.0,0.0391
0.000506,0.0698
0.015025,0.2984
0.016016,0.1936
0.0,0.8537
0.0,0.803
0.000506,0.4621
0.0,0.0208
0.015021,0.0445
0.0,0.6281
0.015539,0.2069
0.0,0.0594
0.000503,0.4867
0.015026,0.5342
0.0,0.4484
0.0,0.2932
0.015526,0.3866
0.0,3.3637
0.015516,0.0381
0.0,0.1414
0.015534,2.488
0.0,0.3975
0.0,0.3004
0.015621,0.7055
0.015504,0.921
0.0,0.1781
0.015533,0.8277
0.0,0.0024
0.0,0.1233
0.016013,0.3033
0.0,0.0186
0.015527,0.3989
0.0,0.2356
0.016025,0.3794
0.0,0.2064
0.0,0.3011
0.0,1.5309
0.015517,0.5692
0.0,0.6069
0.0,0.4076
0.0,0.1203
0.000502,0.4762
0.015037,0.209
0.0,0.1899
0.0,0.0817
0.01553,0.7092
0.0,0.3336
0.0,0.9374
0.016027,0.6516
0.0,0.1958
0.0,0.2033
0.0,0.5308
0.031066,0.0164
0.0,0.1313
0.0,0.2344
0.000501,0.1857
0.0,0.4571
0.015029,1.0077
0.031538,0.5656
0.0,0.0677
0.0,0.277
0.015821,0.7591
0.0,0.084
0.015239,0.4778
0.0,1.8243
0.0,0.0291
0.000503,0.3024
0.015529,0.1478
0.0,0.2619
0.015518,0.3332
0.015499,0.034
0.0,0.6285
0.0,0.1358
0.015517,1.181
0.0,0.2728
0.0,0.5155
0.016008,1.6229
0.0,0.5785
0.015169,0.2964
0.0,0.3365
0.0,1.4098
0.016048,0.382
0.01523,0.0255
0.016012,0.2287
0.0,0.6267
0.0,0.6189
0.0,0.3978
0.000509,0.1518
0.03114,0.2032
0.0,0.1307
0.0,0.0097
0.000506,0.3606
0.015031,0.0166
0.0,0.0164
0.016028,0.0976
0.0,0.0598
0.0,0.3411
0.000505,0.6267
0.0,0.3486
0.0,0.549
0.015007,0.0568
0.0,1.1748
0.016043,0.885
0.0,0.364
0.0,0.1491
0.01519,0.0719
0.0,0.8368
0.0,0.3132
0.0005,0.0771
0.0,0.794
0.0,0.3423
0.015057,0.7246
0.015555,0.8292
0.0,0.8536
0.0,0.3766
0.0,0.48
0.016012,0.5051
0.0,1.2921
0.0,0.3947
0.015548,0.1744
0.0,0.18
0.015537,0.0399
0.0,0.7104
0.015514,0.3839
0.016052,0.0743
0.0,0.0187
0.0,1.0467
0.0,0.0639
0.000508,0.3417
0.015008,0.2387
0.0,0.9361
0.016032,0.1643
0.0,0.7595
0.015532,0.0403
0.0,0.1877
0.015522,0.2067
0.0,1.1811
0.0,0.8778
0.015525,0.331
0.0,0.4991
0.016026,2.0159
0.0,0.2739
0.0,0.0303
0.015523,0.0614
0.0,0.4191
0.016126,0.079
0.015515,1.7005
0.0,0.9052
0.000504,0.1791
0.0,0.1593
0.0,0.2132
0.015309,0.4316
0.015549,0.0321
0.0,0.0588
0.0,0.0573
0.015186,1.376
0.0,0.0981
0.0,0.4555
0.015536,0.1849
0.0,3.8513
0.015527,0.9359
0.0,0.1032
0.0,0.1103
0.015517,1.14
0.0,0.3506
0.0,0.2182
0.000504,0.4034
0.0,0.1914
0.0,0.0243
0.015554,2.1072
0.031557,1.8304
0.0,0.0239
0.0,1.6078
0.015528,0.3479
0.0,0.0525
0.0,0.2507
0.015535,0.2587
0.015525,4.7064
0.01551,0.3905
0.0,0.625
0.000499,0.226
0.015009,0.3157
0.0,0.3649
0.015643,0.7271
0.0,0.2463
0.0,0.1337
0.000508,0.7433
0.0,0.7146
0.0,0.0137
0.015013,0.154
0.0,0.9195
0.0,0.6252
0.0,0.6172
0.016012,0.0112
0.0,0.7629
0.0,0.2748
0.0,0.4684
0.015547,0.4976
0.016022,0.7309
0.0,0.0612
0.031068,0.8917
0.0,0.3302
0.015517,0.6544
0.0,1.8762
0.016049,0.0217
0.0,0.2916
0.0,0.177
0.0,0.5095
0.0,0.0534
0.01553,0.8992
0.0,2.3916
0.0,0.5251
0.000503,0.088
0.0,0.0137
0.0,0.9292
0.000456,0.2069
0.015059,0.9753
0.0,0.0867
0.046664,0.2121
0.0,0.0825
0.000499,0.3646
0.0,0.4425
0.015001,0.5356
0.0,1.3553
0.0005,0.1994
0.0,0.223
0.014642,0.6162
0.0,0.1655
0.0,0.7745
0.030818,0.641
0.0,0.3069
0.0,0.813
0.000502,0.1532
0.0,0.6308
0.015025,0.6109
0.0,0.4534
0.0,0.1376
0.015213,0.7629
0.0,0.0856
0.0,0.0784
0.000501,0.4484
0.0,1.4921
0.03055,0.7269
0.0,0.2466
0.0155,0.3048
0.0,0.7339
0.015501,0.1532
0.015502,0.0012
0.0,0.0141
0.015551,0.5248
0.015135,0.0173
0.0,0.1379
0.0,0.3102
0.015511,0.4858
0.0,0.1472
0.0,0.0034
0.015521,0.2087
0.0,0.1599
0.0,0.4963
0.015563,1.1608
0.0,0.0977
0.0,0.7044
0.015517,0.5179
0.0,0.3209
0.015281,0.0283
0.0,0.505
0.015527,0.775
0.0,0.3767
0.01555,0.8866
0.0,0.6261
0.0,0.3315
0.015544,0.1906
0.0,0.4331
0.000502,0.1535
0.015063,0.0804
0.0,0.9505
0.0,0.2805
0.0,0.4844
0.015538,1.3432
0.0,0.3312
0.0,0.4815
0.0,1.174
0.000501,0.2182
0.014888,0.0188
0.0,0.658
0.0,1.3703
0.015514,0.0604
0.0,0.6583
0.0,1.1214
0.015215,0.6248
0.0,0.2446
0.0,0.4319
0.031596,0.7094
0.0,0.4929
0.000505,0.0545
0.0,0.7514
0.01504,0.4463
0.016027,0.3615
0.0,1.0484
0.000506,0.7002
0.015036,0.6066
0.0,0.298
0.0,0.5442
0.030536,0.0397
0.0,1.111
0.0,0.7217
0.015588,0.5199
0.0,0.7374
0.0,0.4832
0.015275,0.038
0.0,0.2469
0.015517,0.2595
0.0,0.5608
0.015534,0.5763
0.015535,1.0064
0.0,0.8048
0.0,0.6362
0.015512,0.3555
0.0,0.2269
0.0,1.3572
0.015543,0.5212
0.0,0.0756
0.015542,0.4694
0.015515,0.5529
0.0,1.2428
0.031104,0.1835
0.0,0.0195
0.0,0.7684
0.0,0.8132
0.000507,0.1714
0.0,1.1525
0.015038,0.0309
0.0,0.2244
0.0,1.1354
0.016028,0.1683
0.0,0.7601
0.0,0.0154
0.015538,0.7004
0.0,0.1197
0.015544,0.2326
0.0,0.3215
0.0,0.3195
0.000502,0.4962
0.015019,0.6821
0.0,0.177
0.015538,0.1094
0.01555,0.4612
0.0,0.0675
0.0,2.0344
0.0,0.2201
0.015527,0.1169
0.0,0.5807
0.016047,0.2077
0.0,0.8074
0.015525,0.4778
0.0,0.1569
0.0,0.5474
0.016019,0.5802
0.015554,0.0695
0.0,0.413
0.016085,0.7811
0.0,0.6714
0.0,0.3992
0.0,2.2028
0.000507,0.0511
0.0,0.44
0.015023,0.1771
0.0,0.2488
0.015543,0.1117
0.0,0.3026
0.0,0.6439
0.000505,0.0037
0.015051,1.4873
0.0,0.4757
0.016022,3.0539
0.0,0.2248
0.015522,0.3856
0.0,0.3241
0.0,0.4817
0.000501,0.2841
0.030842,0.1808
0.016019,0.3969
0.015202,0.0527
0.0,0.8531
0.016026,0.3205
0.0,1.2398
0.0,1.4089
0.000507,0.3749
0.014644,0.2137
0.0,0.8274
0.016048,0.8641
0.0,0.6588
0.015545,0.3158
0.0,0.1185
0.0,0.3497
0.0,0.3423
0.015198,0.2876
0.0,0.1094
0.000506,0.534
0.0,0.1472
0.015026,0.143
0.0,0.1785
0.01591,0.3577
0.0,0.0723
0.000509,0.6941
0.0,0.7232
0.031037,0.2028
0.0,0.5761
0.000508,0.3304
0.0,0.0645
0.014987,1.5096
0.0,0.1769
0.0,0.5729
0.000501,0.8479
0.015045,0.2028
0.0,1.1742
0.015524,0.1984
0.0,0.0411
0.000504,0.7195
0.015032,0.1254
0.0,0.2067
0.031541,0.0212
0.015541,0.3426
0.0,0.441
0.0,0.4919
0.0,0.4464
0.016032,2.2809
0.0,1.1465
0.000509,0.4464
0.015012,0.1979
0.0,0.1704
0.015515,0.1093
0.0,0.6662
0.0,0.6404
0.000507,0.1622
0.0,0.0493
0.015034,0.2368
0.0,0.0589
0.0,0.0447
0.0,0.8458
0.015747,2.0827
0.015531,0.0118
0.0,1.3225
0.0,0.1901
0.01555,0.2529
0.0,0.164
0.0,0.2608
0.01553,0.5411
0.0,0.0856
0.0,0.3073
0.0,0.1418
0.015545,0.2567
0.0,0.7778
0.015528,0.8369
0.0,0.3001
0.015517,1.9578
0.015518,0.3297
0.0,0.0163
0.031561,0.0335
0.0,2.8344
0.0,0.7959
0.000501,0.0626
0.015518,3.1207
0.0,4.4617
0.0,0.2128
0.000508,0.6566
0.014995,2.3122
0.015525,0.1225
0.0,0.804
0.0,0.1422
0.000505,1.9138
0.0,0.0222
0.015023,0.5046
0.0,0.3777
0.0,0.4204
0.016016,0.0798
0.0,0.4563
0.016066,0.65
0.015529,0.5988
0.0,0.519
0.015528,0.1741
0.0,0.0568
0.0,0.3124
0.000497,0.4739
0.015039,0.2325
0.0,0.408
0.0,0.827
0.031547,0.4252
0.0,1.5716
0.000507,0.514
0.0,1.3571
0.01505,0.3488
0.0,0.3684
0.0,0.0449
0.000511,1.1763
0.0,0.0662
0.014631,1.4594
0.0,0.1383
0.015533,0.1477
0.015527,0.0395
0.015562,0.0041
0.0,0.2025
0.01559,2.084
0.0,0.025
0.000423,0.759
0.0,0.2048
0.015059,1.5597
0.031068,1.0803
0.0,0.4159
0.01553,0.4143
0.0,1.314
0.0,0.0591
0.0,0.6861
0.015529,0.4734
0.0,0.94
0.0,0.3167
0.0,0.3765
0.030702,0.8415
0.0,0.1752
0.0,0.1409
0.000504,0.3192
0.0,0.766
0.015042,1.0022
0.015531,0.6768
0.01554,1.597
0.0,0.0888
0.0,0.3341
0.01553,0.6628
0.0,1.3569
0.0,0.5172
0.0,1.6948
0.015527,0.3699
0.0,0.8661
0.015517,0.4353
0.0,0.04
0.0,1.1832
0.000505,0.9463
0.015021,0.2637
0.0,2.4774
0.015762,0.2462
0.0,1.7857
0.0,0.0822
0.000506,0.0464
0.0,0.1481
0.015012,0.1249
0.0,0.0078
0.016033,1.1438
0.0,0.1774
0.015547,1.449
0.03154,1.3683
0.0,0.476
0.000504,0.4489
0.015533,0.4262
0.0,0.5843
0.0,0.011
0.015167,0.1146
0.0,0.2206
0.0,0.2724
0.0,1.3991
0.000503,1.1297
0.015547,1.4107
0.0,0.1133
0.0,0.5857
0.0,0.2699
0.015537,0.1763
0.0,1.3708
0.000502,1.7237
0.0,1.7017
0.0,0.3538
0.01501,0.0125
0.0,0.1688
0.000501,0.1437
0.015022,1.9579
0.015532,0.6901
0.0,0.432
0.015529,0.0209
0.0,1.6789
0.0,0.1345
0.0005,0.5404
0.015513,0.5419
0.0,0.0269
0.0,0.859
0.015529,0.5724
0.0,0.6823
0.0,0.0255
0.016036,0.7011
0.0,0.6427
0.015514,0.1239
0.0,0.0143
0.016041,0.1277
0.0,1.5445
0.015535,0.0887
0.016027,0.8321
0.0,0.6413
0.015528,0.4903
0.016027,0.004
0.0,1.2637
0.0,0.1827
0.000505,0.0479
0.0,0.1226
0.015015,0.0997
0.0,0.0542
0.0,0.2498
0.016038,0.331
0.0,0.709
0.0,0.7773
0.000506,0.3093
0.0,0.0242
0.015018,0.0008
0.0,0.4459
0.0,0.5261
0.016025,0.5592
0.0,0.355
0.0,0.9353
0.0,1.2337
0.015526,1.04
0.016034,0.4316
0.0,0.1683
0.0,0.8962
0.01553,0.1818
0.0,0.123
0.016016,0.0023
0.0,0.0777
0.016044,0.0623
0.0,0.8783
0.0,0.0841
0.015526,0.5051
0.0,0.5688
0.016013,0.1455
0.0,1.127
0.015529,0.2657
0.015522,0.2716
0.0,1.2865
0.016033,1.2875
0.0,0.1365
0.0,0.353
0.015526,0.1835
0.0,0.1302
0.016027,0.8119
0.0,2.6734
0.015516,1.1431
0.0,0.033
0.000504,0.5191
0.0,0.5447
0.015527,0.1247
0.0,0.015
0.0,0.0138
0.031169,0.3513
0.0,0.0175
0.0,0.6064
0.000505,0.384
0.015026,0.7747
0.0,0.2255
0.016048,0.8052
0.000508,0.5466
0.0,0.5486
0.015026,0.4539
0.0,1.2301
0.0,0.8446
0.015188,0.2746
0.0,0.6877
0.0,1.1795
0.0,0.4337
0.015456,0.5972
0.0,0.6447
0.0,0.9381
0.03129,0.6154
0.0,0.175
0.0,0.1241
0.000506,0.3781
0.0,1.3465
0.015022,0.1825
0.0,0.2967
0.0,0.4396
0.0,0.2306
0.015523,0.0141
0.015522,1.3507
0.0,0.9882
0.015513,0.1383
0.0,0.8587
0.015563,0.2401
0.0,0.8167
0.015518,0.0373
0.0,0.1362
0.015622,0.1446
0.015597,0.7197
0.01543,0.1824
0.0,0.6348
0.0,0.2159
0.015507,0.2523
0.0,0.4938
0.0,0.5752
0.0,0.2427
0.0,1.2954
0.000505,0.1143
0.015018,0.3772
0.0,0.2386
0.0,0.8101
0.031073,0.4378
0.0,0.1048
0.016049,0.2943
0.0,0.7384
0.0,0.3645
0.015528,1.4926
0.0,0.0615
0.0,0.2467
0.015518,0.71
0.0,0.9666
0.0,0.5298
0.0,0.4281
0.015293,1.8274
0.0,1.2337
0.015548,0.2245
0.01553,0.1623
0.0,0.121
0.0,1.059
0.0,1.5077
0.01552,0.4722
0.0,0.8116
0.0,0.383
0.031066,0.0111
0.0,0.341
0.0,0.2507
0.015537,0.6861
0.0,1.2729
0.015533,0.7221
0.0,0.3569
0.0,0.1359
0.000502,0.0155
0.015052,0.1316
0.0,0.6271
0.015533,0.1979
0.015527,0.1216
0.0,0.7135
0.016061,0.1137
0.0,0.5638
0.0,0.1049
0.000505,0.7454
0.0,0.1624
0.015022,0.8704
0.0,0.4544
0.0,0.5456
0.000504,0.2156
0.01553,0.7343
0.0,0.5299
0.01554,0.0627
0.015512,0.2308
0.0,0.7537
0.015526,0.0098
0.0,0.1722
0.000511,0.6907
0.0,1.0992
0.0,0.0529
0.015035,0.4448
0.015499,0.0461
0.0,0.6072
0.015512,0.3304
0.0,0.24
0.0,0.0449
0.0,0.3898
0.015497,0.4119
0.0,0.0502
0.0155,0.8188
0.015511,0.0761
0.0,0.361
0.016006,0.0989
0.0,0.02
0.0,0.7779
0.000505,0.6039
0.0,0.0273
0.0,1.4233
0.01494,0.5971
0.0,0.3262
0.016022,0.129
0.0,0.086
0.015535,0.0384
0.016032,1.0547
0.047067,0.3855
0.0,0.3966
0.016019,0.1172
0.0,0.6135
0.0,0.4991
0.0,0.1502
0.01551,0.0667
0.0,0.0278
0.0,0.1553
0.000502,0.0583
0.0,0.2891
0.015536,0.5951
0.0,0.2533
0.015525,0.0837
0.0,0.0102
0.0,0.9665
0.016023,1.5608
0.015532,0.5499
0.0,0.251
0.0,0.9851
0.015147,2.3911
0.0,0.0061
0.0,0.0282
0.000506,0.4021
0.01504,0.143
0.0,0.0064
0.0,0.0015
0.016029,1.2975
0.015556,0.7303
0.0,1.043
0.015532,0.3857
0.015526,0.399
0.0,0.8303
0.0,0.0724
0.000501,0.6629
0.0,0.2576
0.015513,0.4289
0.0,1.172
0.015539,0.3627
0.0,0.1213
0.0,0.41
0.0,0.4947
0.000501,0.8155
0.015014,0.7385
0.0,0.5644
0.031051,0.3661
0.0,0.5448
0.031556,0.0293
0.0,0.565
0.015526,0.3017
0.0,0.6651
0.0,0.4811
0.0,0.6534
0.016033,0.5047
0.0,0.2739
0.0,0.0048
0.015538,0.166
0.0,0.3229
0.0,0.5183
0.0,0.1531
0.016009,0.7603
0.0,0.7085
0.015517,0.2405
0.031199,0.3083
0.016022,0.2017
0.015541,0.0319
0.0,0.3791
0.0,0.9941
0.0,0.0152
0.000504,0.5706
0.0,0.4703
0.015051,0.0432
0.0,0.1592
0.015527,0.0978
0.016028,0.8601
0.0,0.2253
0.0,0.6111
0.01553,0.7756
0.0,0.739
0.0005,0.0311
0.015028,0.2158
0.0,0.2809
0.015505,0.8242
0.0,0.161
0.0,0.1991
0.000502,0.8097
0.046921,0.8855
0.0,0.6287
0.000506,0.0881
0.0,0.3887
0.0,0.4762
0.01504,0.0274
0.016016,0.6559
0.0,0.0657
0.0,0.0093
0.0,0.0877
0.015526,0.1403
0.0,1.6475
0.0,1.0598
0.000501,0.6674
0.015533,0.3087
0.0,0.4313
0.0,0.1436
0.015513,4.2236
0.0,0.0614
0.016045,0.3283
0.0,1.2856
0.0,0.1728
0.000505,0.3422
0.015024,0.2196
0.015754,1.2511
0.0,0.2167
0.0,0.9213
0.000506,0.4262
0.015008,0.546
0.0,0.1578
0.016016,0.1552
0.015531,0.2504
0.0,0.227
0.0,0.5243
0.0,0.1359
0.000501,0.0875
0.015531,0.326
0.015514,0.0244
0.0,0.2094
0.016045,0.1107
0.0,0.1009
0.016035,0.1327
0.0,0.3289
0.015525,0.4015
0.015542,0.3438
0.0,0.332
0.0,0.1283
0.0,0.176
0.016019,0.0811
0.0,0.1279
0.000507,0.0185
0.015029,0.5278
0.0,0.3356
0.01603,0.301
0.0,0.0373
0.015132,0.1394
0.016013,1.1922
0.015507,0.0303
0.0,0.7377
0.0,0.8837
0.0005,0.2589
0.0,0.5348
0.01491,0.2883
0.0,0.0761
0.0,1.0234
0.015184,1.2737
0.0,0.6621
0.0,0.5421
0.0005,0.032
0.0,0.2001
0.015522,0.1434
0.0,0.131
0.0,0.0033
0.015538,0.4068
0.0,0.3673
0.0,0.0743
0.015533,1.0838
0.0,0.5754
0.015265,0.3973
0.0,0.4558
0.015547,0.263
0.015135,0.2068
0.015609,1.0586
0.0,0.1579
0.015537,0.3054
0.0,0.0079
0.015623,0.1159
0.0,0.3081
0.0,0.0022
0.015367,0.0602
0.0,0.5423
0.0,0.1631
0.0,0.3751
0.000502,0.001
0.015024,0.8617
0.01553,1.0014
0.015513,0.2953
0.0,0.2139
0.0,0.4316
0.015539,0.1046
0.0,0.6408
0.015523,0.0589
0.015524,0.507
0.0,0.0954
0.0,1.1089
0.0,0.4654
0.015529,0.3515
0.0,0.4517
0.015517,0.3694
0.0,0.4034
0.0,1.3848
0.015512,0.3017
0.000591,0.3587
0.0,0.5388
0.0,0.2518
0.014918,0.2209
0.0,0.082
0.0,0.9602
0.015504,0.652
0.0155,0.374
0.015519,0.5156
0.0,1.7512
0.0,0.122
0.015504,0.2132
0.0,1.1347
0.0,0.432
0.015512,0.1188
0.0,0.6053
0.01552,0.1742
0.0,0.8445
0.015538,0.2803
0.0,0.0063
0.015503,0.9124
0.015176,0.1098
0.0,0.4908
0.0,0.0159
0.0,1.0675
0.000502,0.3168
0.0,0.2608
0.015045,0.0366
0.0,0.1358
0.01551,0.0302
0.0155,0.3524
0.0,0.4247
0.0,0.5375
0.0,0.3762
0.015499,0.0424
0.015517,0.7472
0.0,0.6974
0.0005,0.4397
0.015069,0.2117
0.0,0.3969
0.000503,0.638
0.0,0.6254
0.0,0.3285
0.0,0.1583
0.015002,0.5355
0.0,1.0198
0.0,0.78
0.000502,0.0916
0.014997,0.3435
0.015515,0.8278
0.0,1.1042
0.015501,0.4814
0.015517,0.3678
0.031005,0.4998
0.015512,0.2948
0.0,0.0254
0.015517,1.009
0.0,0.0525
0.0,0.9148
0.000498,0.0441
0.015013,0.3395
0.0,0.3503
0.0,0.467
0.015507,0.112
0.0,0.5326
0.016013,0.5456
0.000506,0.6561
0.0,0.1122
0.0,0.228
0.0,2.1703
0.014999,0.113
0.0,0.4063
0.016006,0.4765
0.0,0.2979
0.0,0.0511
0.000507,0.0279
0.0,0.5505
0.014862,0.5356
0.015506,0.234
0.0,0.5406
0.0,0.4596
0.015141,0.742
0.0,0.1226
0.015528,0.1758
0.0,0.0201
0.0,0.0954
0.0,0.4148
0.015624,0.1323
0.015514,0.3649
0.0,0.2369
0.0,0.3167
0.000502,0.8334
0.0,0.6717
0.015009,0.321
0.015501,1.1753
0.031013,0.5554
0.015517,0.181
0.0,0.6923
0.000501,0.0919
0.0,0.5523
0.0,0.1726
0.0,0.5735
0.015093,0.5471
0.0,0.0311
0.031032,0.3442
0.0,0.0324
0.0,0.302
0.000502,2.6817
0.015013,0.5664
0.015511,0.6369
0.015527,0.0551
0.0,0.461
0.0,0.4316
0.015514,0.7562
0.0,0.7695
0.0,0.0746
0.015511,0.2131
0.0,0.2692
0.0,2.3441
0.015501,0.492
0.01551,0.6392
0.0,0.1833
0.015502,0.4651
0.0,1.526
0.0,2.7244
0.03101,0.0858
0.0,1.4844
0.000501,0.0675
0.015022,0.0587
0.015505,0.2306
0.0,1.1746
0.015305,0.6941
0.0,0.0417
0.0,0.8153
0.000499,0.4238
0.0,0.0631
0.014998,1.6624
0.015501,0.452
0.0,1.2133
0.015546,0.0162
0.0,0.2415
0.000506,0.0361
0.0,0.2011
0.015003,0.1638
0.0,0.3029
0.015516,0.059
0.0,0.3687
0.0,0.5443
0.0005,0.3864
0.014999,0.392
0.0,0.0207
0.015522,0.751
0.0,0.1955
0.0,0.5159
0.0005,0.5033
0.014998,1.7037
0.015519,0.4888
0.015571,0.0071
0.015383,0.3833
0.0,0.1916
0.000503,0.8334
0.014998,1.1273
0.0,0.3312
0.0,0.9009
0.015512,0.6904
0.0,0.5965
0.0,0.1934
0.015513,0.1169
0.0,0.3132
0.0,1.0411
0.015191,1.0824
0.015498,0.1924
0.0,0.1193
0.0,0.1157
0.0,0.3174
0.015193,0.4253
0.015501,0.2785
0.0,0.0341
0.0,0.1509
0.015501,0.133
0.0,0.0011
0.0,1.1816
0.015323,1.9355
0.01519,0.0222
0.0,0.4115
0.0,0.2724
0.015502,0.3006
0.0,4.1184
0.0,1.2997
0.000504,0.0772
0.015422,1.0621
0.0,0.2405
0.015508,0.2329
0.01551,0.0585
0.0,0.1947
0.0,0.3393
0.000502,0.3213
0.0,1.4883
0.015014,0.2665
0.015522,0.9165
0.0,0.3202
0.0,0.6216
0.000498,0.0812
0.0,0.1367
0.0,0.43
0.030512,0.75
0.0,0.9254
0.000503,0.1472
0.015504,0.5581
0.0,0.2215
0.015506,0.0148
0.015503,0.009
0.0,0.1054
0.0,0.0465
0.015523,0.1602
0.0,0.0485
0.015191,0.1555
0.015499,0.1792
0.0,0.2755
0.015546,1.0553
0.0,1.1778
0.015503,0.4368
0.0,0.3998
0.0,0.1441
0.015498,0.226
0.015151,0.2624
0.015501,1.4641
0.0,1.9913
0.015508,0.0485
0.0,1.527
0.015503,0.4092
0.0,0.4958
0.000504,0.0931
0.0,0.5748
0.014997,0.4882
0.0,0.2152
0.000502,0.134
0.01507,0.0328
0.0,0.5507
0.0,0.4602
0.015504,0.7262
0.0,0.1868
0.0,0.0337
0.000507,0.2005
0.0,0.1113
0.015013,0.3146
0.0,0.1926
0.0,1.033
0.015509,0.1968
0.0,0.639
0.0,0.247
0.031038,0.4846
0.0,1.8478
0.0005,0.2065
0.0,0.8423
0.0,0.2823
0.015024,1.1965
0.015443,0.3965
0.015499,0.1611
0.0,0.09
0.0,0.0424
0.000502,0.5825
0.014998,1.297
0.0,0.097
0.015507,0.8006
0.015504,0.5965
0.0,0.1546
0.0,0.6412
0.000503,0.0172
0.0,0.1689
0.030515,0.9549
0.0,0.0633
0.015518,0.3076
0.0,0.1107
0.000502,2.3148
0.014998,0.2115
0.015549,0.1504
0.0,0.0485
0.015506,0.0111
0.0,0.4779
0.0,0.4152
0.000502,0.3087
0.0,0.8655
0.014997,0.1795
0.015521,0.7085
0.0,0.4244
0.0,0.5349
0.000501,0.5248
0.015014,0.8711
0.0,0.3136
0.0,1.554
0.0,1.8049
0.015158,0.6119
0.0,1.4604
0.0,0.0382
0.015506,0.5857
0.0,0.6716
0.0155,1.0898
0.0,0.6164
0.0,0.6273
0.000503,0.3502
0.015023,0.2849
0.0,0.5062
0.015523,0.5786
0.0,0.2979
0.0005,0.712
0.0,0.4709
0.030517,0.5327
0.015537,1.6224
0.0,0.5573
0.015509,0.3277
0.000607,0.3366
0.014899,0.1047
0.01553,0.1352
0.015515,0.0639
0.0155,0.0846
0.0,0.0111
0.0,0.3394
0.000502,1.0233
0.015031,0.081
0.015499,0.0975
0.0,1.1216
0.015514,0.7154
0.0,0.4088
0.000503,0.333
0.015521,0.0481
0.0,1.2022
0.015504,0.1863
0.0,0.5331
0.0,0.074
0.0,0.4059
0.0005,0.0456
0.01553,0.7852
0.015516,0.396
0.0,0.5709
0.0,0.0466
0.015499,1.4961
0.0,0.0506
0.0,0.2405
0.015504,0.5626
0.0,0.6232
0.0,0.2664
0.000504,0.2208
0.015013,0.168
0.0,0.9675
0.015381,0.366
0.0,0.5197
0.0,0.0194
0.000503,0.9055
0.014997,0.2903
0.0,0.3626
0.015502,0.2033
0.0,0.384
0.015502,0.9413
0.0,0.581
0.0,0.1748
0.000501,0.1837
0.0,0.3019
0.030511,0.089
0.0,0.4007
0.000502,1.0309
0.015007,0.2165
